computer_id,computer_name,application_id,application_name,license_id,license_name,agreement_id,agreement_name
a9fea928-905a-4109-bb69-95318d926f32,06DATEV,43a64e38-c627-449b-bc64-0b09c5f0c725,,,,,
a9fea928-905a-4109-bb69-95318d926f32,06DATEV,552dddea-cb84-4a74-8834-0d13e4806bd2,,,,,
a9fea928-905a-4109-bb69-95318d926f32,06DATEV,4fae27e0-a190-4462-87fe-19b3e4444322,,,,,
a9fea928-905a-4109-bb69-95318d926f32,06DATEV,930b42da-e0c7-407f-9c4f-1b1bea755085,,,,,
a9fea928-905a-4109-bb69-95318d926f32,06DATEV,cbe13118-10f0-4e7b-9ed6-1b9ee92dc7bc,,,,,
a9fea928-905a-4109-bb69-95318d926f32,06DATEV,1280aad0-4a59-4106-9ecb-1e069e78c22b,,,,,
a9fea928-905a-4109-bb69-95318d926f32,06DATEV,44a3a489-a8ed-4a8b-ac71-1fdb5aa2f773,,,,,
a9fea928-905a-4109-bb69-95318d926f32,06DATEV,1f0ec194-4c6b-4768-84fa-218ae7955294,,,,,
a9fea928-905a-4109-bb69-95318d926f32,06DATEV,09dc8bd5-7b50-4d42-b9e8-2352413b8e6a,,,,,
a9fea928-905a-4109-bb69-95318d926f32,06DATEV,b827ff23-b932-4c2c-9cd1-26bc7119f91b,,,,,
a9fea928-905a-4109-bb69-95318d926f32,06DATEV,84c5dd39-aa4f-4628-ba47-281243368d0d,,,,,
a9fea928-905a-4109-bb69-95318d926f32,06DATEV,ac877c9e-d6a4-4bd9-a574-29a0a20aa1b1,,,,,
a9fea928-905a-4109-bb69-95318d926f32,06DATEV,070f1381-57df-41ed-9fae-2fd8d1f79cb9,,,,,
a9fea928-905a-4109-bb69-95318d926f32,06DATEV,08afef32-7aea-4470-85e9-312dac79fde8,,,,,
a9fea928-905a-4109-bb69-95318d926f32,06DATEV,9f19d560-6290-4e94-9d9c-33704b26f0d2,,,,,
a9fea928-905a-4109-bb69-95318d926f32,06DATEV,809a9c6f-9507-4ce7-a6a8-397147d6f1c2,,,,,
a9fea928-905a-4109-bb69-95318d926f32,06DATEV,1673ae56-d80f-4b70-86a9-3b731e347a03,,,,,
a9fea928-905a-4109-bb69-95318d926f32,06DATEV,b0100499-fff1-4f8b-b908-3d716783f6cc,,,,,
a9fea928-905a-4109-bb69-95318d926f32,06DATEV,a9157771-0073-4172-a6ce-3df21bc4ca1e,,,,,
a9fea928-905a-4109-bb69-95318d926f32,06DATEV,169c3e1c-1373-45b9-a7a0-40828bb58166,,,,,
a9fea928-905a-4109-bb69-95318d926f32,06DATEV,7b64a8ac-9813-460e-9034-40b783272071,,,,,
a9fea928-905a-4109-bb69-95318d926f32,06DATEV,655511c2-89de-4973-9226-41cb45992b8b,,,,,
a9fea928-905a-4109-bb69-95318d926f32,06DATEV,078724b4-d6e8-45ea-989a-41eeff0cc520,,,,,
a9fea928-905a-4109-bb69-95318d926f32,06DATEV,0578374f-6950-4d2a-a0c8-43c4bf8bc971,,,,,
a9fea928-905a-4109-bb69-95318d926f32,06DATEV,b5dc853b-7033-4a73-9feb-4a8113309d4e,,,,,
a9fea928-905a-4109-bb69-95318d926f32,06DATEV,68bc1c7d-a2f3-4ba8-bb19-4bd3016ac110,,,,,
a9fea928-905a-4109-bb69-95318d926f32,06DATEV,91095fed-af10-45f6-b833-52a3ccfc6dde,,,,,
a9fea928-905a-4109-bb69-95318d926f32,06DATEV,866fc75e-c06e-4beb-b8a3-55301195f29f,,,,,
a9fea928-905a-4109-bb69-95318d926f32,06DATEV,da6f390e-2677-4487-aa7f-576cab94f401,,,,,
a9fea928-905a-4109-bb69-95318d926f32,06DATEV,35e7ee2c-4c0f-49b8-8752-5989b9a1d851,,,,,
a9fea928-905a-4109-bb69-95318d926f32,06DATEV,3e3870cd-6562-46b3-a3c0-5b3f5f46d47b,,,,,
a9fea928-905a-4109-bb69-95318d926f32,06DATEV,184e59bf-6449-42d1-81fa-5bd851cfec6a,,,,,
a9fea928-905a-4109-bb69-95318d926f32,06DATEV,a928d940-5c11-4751-9f5f-5f4eebfd90c9,,,,,
a9fea928-905a-4109-bb69-95318d926f32,06DATEV,a0a0d43f-ad22-4844-9d66-5fd8ca5d6550,,,,,
a9fea928-905a-4109-bb69-95318d926f32,06DATEV,6904a8c1-27af-41e9-96a3-64c76f6b3bf8,,,,,
a9fea928-905a-4109-bb69-95318d926f32,06DATEV,2fe06a06-f869-412b-a98e-65d25146faa8,,,,,
a9fea928-905a-4109-bb69-95318d926f32,06DATEV,7dcc37d4-06e6-4c40-897a-6a66272168c7,,,,,
a9fea928-905a-4109-bb69-95318d926f32,06DATEV,f8dc1a2d-3a55-41d2-bc54-6ac609c31f8f,,,,,
a9fea928-905a-4109-bb69-95318d926f32,06DATEV,94242519-9c59-492b-a6b9-6cfd5703ffc0,,,,,
a9fea928-905a-4109-bb69-95318d926f32,06DATEV,b1bf12f9-5351-49f1-ba70-72755f75f573,,,,,
a9fea928-905a-4109-bb69-95318d926f32,06DATEV,36cedd23-99b7-42e9-ac37-773beb77ceaa,,,,,
a9fea928-905a-4109-bb69-95318d926f32,06DATEV,d7350f82-f473-44b9-9a24-7af6bb781e2a,,,,,
a9fea928-905a-4109-bb69-95318d926f32,06DATEV,c2ba8d82-58bd-4194-b5f1-7b5068644a36,,,,,
a9fea928-905a-4109-bb69-95318d926f32,06DATEV,b4f5aa99-e13f-4f8e-b0b4-7e43413f5955,,,,,
a9fea928-905a-4109-bb69-95318d926f32,06DATEV,50759ffe-34cf-43b6-b518-81588f52f56d,,,,,
a9fea928-905a-4109-bb69-95318d926f32,06DATEV,12ff490d-b78b-463d-8661-83f17a10db2d,,,,,
a9fea928-905a-4109-bb69-95318d926f32,06DATEV,41bc6376-78c8-4c15-ae9a-85b1ac5042fb,,,,,
a9fea928-905a-4109-bb69-95318d926f32,06DATEV,4590098d-ebc9-4353-b0ad-879908d6267b,,,,,
a9fea928-905a-4109-bb69-95318d926f32,06DATEV,ac546bf0-3455-4c1d-b4b3-884010c5c00c,,,,,
a9fea928-905a-4109-bb69-95318d926f32,06DATEV,bd6d43e6-7587-49fd-9b76-89e2fd6c9667,,,,,
a9fea928-905a-4109-bb69-95318d926f32,06DATEV,78843aa5-db22-457f-89cd-8a00a3e0e891,,,,,
a9fea928-905a-4109-bb69-95318d926f32,06DATEV,606cd9c6-21f4-44d6-81e5-8bedad42c297,,,,,
a9fea928-905a-4109-bb69-95318d926f32,06DATEV,08a5f9f6-9541-4760-a786-901669eb7553,,,,,
a9fea928-905a-4109-bb69-95318d926f32,06DATEV,debc435f-62bd-4ba6-a308-91a0d6ee848e,,,,,
a9fea928-905a-4109-bb69-95318d926f32,06DATEV,cb029bdb-a86c-40b7-a628-94f0ed2fa482,,,,,
a9fea928-905a-4109-bb69-95318d926f32,06DATEV,602b0d1f-8e63-4521-8380-9937f063d3f9,,,,,
a9fea928-905a-4109-bb69-95318d926f32,06DATEV,c593e2ce-4c4b-4d8c-b9cc-9cbeed1752f8,,,,,
a9fea928-905a-4109-bb69-95318d926f32,06DATEV,4bfed0a7-cee7-46b2-9640-9cee8baf6c72,,,,,
a9fea928-905a-4109-bb69-95318d926f32,06DATEV,b7aea252-b072-447b-b3d4-9ea594787adb,,,,,
a9fea928-905a-4109-bb69-95318d926f32,06DATEV,c8686cbd-ff80-44b6-8ed3-a067b7cff076,,,,,
a9fea928-905a-4109-bb69-95318d926f32,06DATEV,b9f05f87-2d27-4121-a5bb-a3242a7c4b85,,,,,
a9fea928-905a-4109-bb69-95318d926f32,06DATEV,ff362d54-86c4-4f64-a004-ae7140a61cca,,,,,
a9fea928-905a-4109-bb69-95318d926f32,06DATEV,11956ea6-2b89-45fe-9935-b00daa114d51,,,,,
a9fea928-905a-4109-bb69-95318d926f32,06DATEV,19bf13fa-c9fe-4e75-9923-b4c68c3a8ac1,,,,,
a9fea928-905a-4109-bb69-95318d926f32,06DATEV,23095583-2316-4fed-be63-b67dddf21217,,,,,
a9fea928-905a-4109-bb69-95318d926f32,06DATEV,dd310d08-76d9-41b0-809e-b8a51c0bba7b,,,,,
a9fea928-905a-4109-bb69-95318d926f32,06DATEV,f812d97f-28be-4080-8312-bb81c6ed7548,,,,,
a9fea928-905a-4109-bb69-95318d926f32,06DATEV,43b82636-736f-44b6-a933-bcde30e6097d,,,,,
a9fea928-905a-4109-bb69-95318d926f32,06DATEV,d728f5c3-868e-4d4a-8236-c36a2b896b59,,,,,
a9fea928-905a-4109-bb69-95318d926f32,06DATEV,d58276a1-dfee-494b-83dd-c5178c3c6b58,,,,,
a9fea928-905a-4109-bb69-95318d926f32,06DATEV,d852c5ac-bdaa-4d67-9ee1-cb9db7b5e30f,,,,,
a9fea928-905a-4109-bb69-95318d926f32,06DATEV,cb8b50eb-2c14-4773-a389-cc7dd757365b,,,,,
a9fea928-905a-4109-bb69-95318d926f32,06DATEV,f52a57e7-2f8d-4429-a95e-cd7507895cf7,,,,,
a9fea928-905a-4109-bb69-95318d926f32,06DATEV,82bc7621-5977-4dc5-b206-d2761878ba77,,,,,
a9fea928-905a-4109-bb69-95318d926f32,06DATEV,37fce499-fd26-49d5-ad0c-d2fa122f994d,,,,,
a9fea928-905a-4109-bb69-95318d926f32,06DATEV,ddc2b6da-d54f-4c24-9af1-d54984d8b111,,,,,
a9fea928-905a-4109-bb69-95318d926f32,06DATEV,b707bb77-8521-474e-b283-d558d126a96d,,,,,
a9fea928-905a-4109-bb69-95318d926f32,06DATEV,35e65a95-a07b-4642-9b5a-dc035d4d2340,,,,,
a9fea928-905a-4109-bb69-95318d926f32,06DATEV,74972a5c-ae4e-47f3-8fd6-e588c8af2825,,,,,
a9fea928-905a-4109-bb69-95318d926f32,06DATEV,d3c0da7b-0222-47d5-8a07-e58fbb4606be,,,,,
a9fea928-905a-4109-bb69-95318d926f32,06DATEV,d92ba8fd-4352-4f2f-883d-e7e49b8b7339,,,,,
a9fea928-905a-4109-bb69-95318d926f32,06DATEV,3a6fd693-2328-480a-a7ba-eb2ce1fbf2ca,,,,,
a9fea928-905a-4109-bb69-95318d926f32,06DATEV,5172963b-d419-4316-ab52-eed6f3853fe3,,,,,
a9fea928-905a-4109-bb69-95318d926f32,06DATEV,b2207121-3977-480f-b29b-f246b66d40db,,,,,
a9fea928-905a-4109-bb69-95318d926f32,06DATEV,6e90f844-aae6-472f-8ef0-f2cff8920f2b,,,,,
a9fea928-905a-4109-bb69-95318d926f32,06DATEV,b1c49da9-c056-48b1-b7d8-f6f0a69cf70f,,,,,
a9fea928-905a-4109-bb69-95318d926f32,06DATEV,b370ba82-4a0f-4804-956b-f87e3b52861e,,,,,
a9fea928-905a-4109-bb69-95318d926f32,06DATEV,b69819b4-f064-47f6-b466-fb22f0a0c12d,,,,,
a9fea928-905a-4109-bb69-95318d926f32,06DATEV,5ccadf9c-7da3-4c0b-8b37-fedaece7a64a,,,,,
1ade55b5-4adf-49a1-99b8-87e7199be90d,09PB-Build,67e3d539-4b57-4df5-b732-01988d8dc1cd,,,,,
1ade55b5-4adf-49a1-99b8-87e7199be90d,09PB-Build,d74971e7-34cf-4e77-b1e3-02be4d5a78e1,,,,,
1ade55b5-4adf-49a1-99b8-87e7199be90d,09PB-Build,098b861a-f681-42ac-a2e3-0770285b9eb8,,,,,
1ade55b5-4adf-49a1-99b8-87e7199be90d,09PB-Build,45c2f717-33c4-409e-9a17-0875ad9f5e48,,,,,
1ade55b5-4adf-49a1-99b8-87e7199be90d,09PB-Build,bef799aa-9a0e-419d-a5be-09dac36c4056,,,,,
1ade55b5-4adf-49a1-99b8-87e7199be90d,09PB-Build,0c691769-b71e-4d96-8cc2-0a9542f5cd2f,,,,,
1ade55b5-4adf-49a1-99b8-87e7199be90d,09PB-Build,14df958e-2193-48c9-bf97-0c6ab35bdc6f,,,,,
1ade55b5-4adf-49a1-99b8-87e7199be90d,09PB-Build,0966b703-3ff8-4d14-a63c-10f103b3f3c3,,,,,
1ade55b5-4adf-49a1-99b8-87e7199be90d,09PB-Build,f22b70f8-cb29-48da-8c88-17f948350700,,,,,
1ade55b5-4adf-49a1-99b8-87e7199be90d,09PB-Build,4fae27e0-a190-4462-87fe-19b3e4444322,,,,,
1ade55b5-4adf-49a1-99b8-87e7199be90d,09PB-Build,930b42da-e0c7-407f-9c4f-1b1bea755085,,,,,
1ade55b5-4adf-49a1-99b8-87e7199be90d,09PB-Build,87b78606-b9a6-4969-943b-1c1c9627e3b1,,,,,
1ade55b5-4adf-49a1-99b8-87e7199be90d,09PB-Build,1280aad0-4a59-4106-9ecb-1e069e78c22b,,,,,
1ade55b5-4adf-49a1-99b8-87e7199be90d,09PB-Build,ba25c15f-a1ef-47ae-b1f9-1e8f3038ae68,,,,,
1ade55b5-4adf-49a1-99b8-87e7199be90d,09PB-Build,44a3a489-a8ed-4a8b-ac71-1fdb5aa2f773,,,,,
1ade55b5-4adf-49a1-99b8-87e7199be90d,09PB-Build,1f0ec194-4c6b-4768-84fa-218ae7955294,,,,,
1ade55b5-4adf-49a1-99b8-87e7199be90d,09PB-Build,1c6edb63-71d7-435f-b18a-230557b28ad5,,,,,
1ade55b5-4adf-49a1-99b8-87e7199be90d,09PB-Build,b827ff23-b932-4c2c-9cd1-26bc7119f91b,,,,,
1ade55b5-4adf-49a1-99b8-87e7199be90d,09PB-Build,25002818-892b-4e40-a65d-2ec13b251a90,,,,,
1ade55b5-4adf-49a1-99b8-87e7199be90d,09PB-Build,070f1381-57df-41ed-9fae-2fd8d1f79cb9,,,,,
1ade55b5-4adf-49a1-99b8-87e7199be90d,09PB-Build,08afef32-7aea-4470-85e9-312dac79fde8,,,,,
1ade55b5-4adf-49a1-99b8-87e7199be90d,09PB-Build,8f23005e-9fe0-4ae2-9eda-3524870c415a,,,,,
1ade55b5-4adf-49a1-99b8-87e7199be90d,09PB-Build,a1ec599d-57b9-4cff-9216-3939d45dd512,,,,,
1ade55b5-4adf-49a1-99b8-87e7199be90d,09PB-Build,809a9c6f-9507-4ce7-a6a8-397147d6f1c2,,,,,
1ade55b5-4adf-49a1-99b8-87e7199be90d,09PB-Build,1673ae56-d80f-4b70-86a9-3b731e347a03,,,,,
1ade55b5-4adf-49a1-99b8-87e7199be90d,09PB-Build,b0100499-fff1-4f8b-b908-3d716783f6cc,,,,,
1ade55b5-4adf-49a1-99b8-87e7199be90d,09PB-Build,169c3e1c-1373-45b9-a7a0-40828bb58166,,,,,
1ade55b5-4adf-49a1-99b8-87e7199be90d,09PB-Build,078724b4-d6e8-45ea-989a-41eeff0cc520,,,,,
1ade55b5-4adf-49a1-99b8-87e7199be90d,09PB-Build,1e5caca4-de42-4104-a407-43c161230891,,,,,
1ade55b5-4adf-49a1-99b8-87e7199be90d,09PB-Build,0578374f-6950-4d2a-a0c8-43c4bf8bc971,,,,,
1ade55b5-4adf-49a1-99b8-87e7199be90d,09PB-Build,1cb193e2-48d0-4c2f-96c3-48d04d7ecfd7,,,,,
1ade55b5-4adf-49a1-99b8-87e7199be90d,09PB-Build,4a34c4c3-155d-4397-918e-49a469fa8853,,,,,
1ade55b5-4adf-49a1-99b8-87e7199be90d,09PB-Build,68bc1c7d-a2f3-4ba8-bb19-4bd3016ac110,,,,,
1ade55b5-4adf-49a1-99b8-87e7199be90d,09PB-Build,9390a14c-a997-4457-a177-4ce2947721e5,,,,,
1ade55b5-4adf-49a1-99b8-87e7199be90d,09PB-Build,91095fed-af10-45f6-b833-52a3ccfc6dde,,,,,
1ade55b5-4adf-49a1-99b8-87e7199be90d,09PB-Build,2f1de169-5887-4cf1-a647-5c4ca0f2fdcb,,,,,
1ade55b5-4adf-49a1-99b8-87e7199be90d,09PB-Build,3ed003d8-b5c4-4223-a7b8-5c59c577ba81,,,,,
1ade55b5-4adf-49a1-99b8-87e7199be90d,09PB-Build,470ce92c-e7c1-452e-abde-5ea4a75ebf73,,,,,
1ade55b5-4adf-49a1-99b8-87e7199be90d,09PB-Build,41e88def-63a1-45dd-a96d-5fb8acfb408a,,,,,
1ade55b5-4adf-49a1-99b8-87e7199be90d,09PB-Build,a0a0d43f-ad22-4844-9d66-5fd8ca5d6550,,,,,
1ade55b5-4adf-49a1-99b8-87e7199be90d,09PB-Build,8b7fccf7-6756-47b1-a5da-60d81b50eff3,,,,,
1ade55b5-4adf-49a1-99b8-87e7199be90d,09PB-Build,2fe06a06-f869-412b-a98e-65d25146faa8,,,,,
1ade55b5-4adf-49a1-99b8-87e7199be90d,09PB-Build,4d154289-1f90-48da-b67e-66e004d913c8,,,,,
1ade55b5-4adf-49a1-99b8-87e7199be90d,09PB-Build,cff9521a-e605-4c51-b31b-6872fef19d02,,,,,
1ade55b5-4adf-49a1-99b8-87e7199be90d,09PB-Build,a573707c-49c8-415e-a014-69eff1d07cf4,,,,,
1ade55b5-4adf-49a1-99b8-87e7199be90d,09PB-Build,e75ae77f-fba2-4bc5-89a8-6aab4223c29e,,,,,
1ade55b5-4adf-49a1-99b8-87e7199be90d,09PB-Build,2a624293-5ad9-4db3-9e45-6b6ebb29806f,,,,,
1ade55b5-4adf-49a1-99b8-87e7199be90d,09PB-Build,f768e4cb-8c6d-489b-aa81-6beeb31f42df,,,,,
1ade55b5-4adf-49a1-99b8-87e7199be90d,09PB-Build,2e23b784-f601-478b-95da-7357606bb505,,,,,
1ade55b5-4adf-49a1-99b8-87e7199be90d,09PB-Build,2a2e523d-216e-4024-8c45-73f0b6b6c8a0,,,,,
1ade55b5-4adf-49a1-99b8-87e7199be90d,09PB-Build,2a560c77-3a08-4f51-868e-74f9760e751a,,,,,
1ade55b5-4adf-49a1-99b8-87e7199be90d,09PB-Build,36cedd23-99b7-42e9-ac37-773beb77ceaa,,,,,
1ade55b5-4adf-49a1-99b8-87e7199be90d,09PB-Build,d7350f82-f473-44b9-9a24-7af6bb781e2a,,,,,
1ade55b5-4adf-49a1-99b8-87e7199be90d,09PB-Build,5bccab6a-a20a-4df9-bb39-7d869d0b857c,,,,,
1ade55b5-4adf-49a1-99b8-87e7199be90d,09PB-Build,b4f5aa99-e13f-4f8e-b0b4-7e43413f5955,,,,,
1ade55b5-4adf-49a1-99b8-87e7199be90d,09PB-Build,35603391-2598-4356-909a-7efe3abf30c0,,,,,
1ade55b5-4adf-49a1-99b8-87e7199be90d,09PB-Build,50759ffe-34cf-43b6-b518-81588f52f56d,,,,,
1ade55b5-4adf-49a1-99b8-87e7199be90d,09PB-Build,9c31dfd7-dd0d-4c51-87bc-81eb53ae8093,,,,,
1ade55b5-4adf-49a1-99b8-87e7199be90d,09PB-Build,b445f0ff-efad-478a-b30d-84a4dc22d06a,,,,,
1ade55b5-4adf-49a1-99b8-87e7199be90d,09PB-Build,437912c1-400a-4531-ac62-87e20740daa6,,,,,
1ade55b5-4adf-49a1-99b8-87e7199be90d,09PB-Build,ac546bf0-3455-4c1d-b4b3-884010c5c00c,,,,,
1ade55b5-4adf-49a1-99b8-87e7199be90d,09PB-Build,2896dcd2-6f5c-47b4-94c7-8bbef13d009d,,,,,
1ade55b5-4adf-49a1-99b8-87e7199be90d,09PB-Build,f2c30120-5ae5-43d8-aee3-8fc8deb8d038,,,,,
1ade55b5-4adf-49a1-99b8-87e7199be90d,09PB-Build,08a5f9f6-9541-4760-a786-901669eb7553,,,,,
1ade55b5-4adf-49a1-99b8-87e7199be90d,09PB-Build,d90c71b5-ce89-4506-80dc-90faa2adbcd7,,,,,
1ade55b5-4adf-49a1-99b8-87e7199be90d,09PB-Build,d88d5630-0d04-4067-80bd-912c3574395f,,,,,
1ade55b5-4adf-49a1-99b8-87e7199be90d,09PB-Build,debc435f-62bd-4ba6-a308-91a0d6ee848e,,,,,
1ade55b5-4adf-49a1-99b8-87e7199be90d,09PB-Build,f14ba566-9934-4574-b05e-978ae089edf8,,,,,
1ade55b5-4adf-49a1-99b8-87e7199be90d,09PB-Build,e1afb92c-a3fb-4131-9e5b-995db7f23227,,,,,
1ade55b5-4adf-49a1-99b8-87e7199be90d,09PB-Build,c593e2ce-4c4b-4d8c-b9cc-9cbeed1752f8,,,,,
1ade55b5-4adf-49a1-99b8-87e7199be90d,09PB-Build,659ffad9-6923-4951-9987-9d207e4766cc,,,,,
1ade55b5-4adf-49a1-99b8-87e7199be90d,09PB-Build,d50e58e0-1dac-4b16-a5a2-9d8b7d91f618,,,,,
1ade55b5-4adf-49a1-99b8-87e7199be90d,09PB-Build,4d0c7017-8257-4c00-a392-9ea1fa4e33fb,,,,,
1ade55b5-4adf-49a1-99b8-87e7199be90d,09PB-Build,73833d11-e7d9-4d30-86ad-a10f0c9e0032,,,,,
1ade55b5-4adf-49a1-99b8-87e7199be90d,09PB-Build,cde0a7f6-7ab9-4e82-bbc6-a627ad9bfbd7,,,,,
1ade55b5-4adf-49a1-99b8-87e7199be90d,09PB-Build,84d818d6-9371-4329-a637-a7908df07b03,,,,,
1ade55b5-4adf-49a1-99b8-87e7199be90d,09PB-Build,0a1207bc-ea06-426d-8731-a7912d2e11b7,,,,,
1ade55b5-4adf-49a1-99b8-87e7199be90d,09PB-Build,915c0453-f2aa-4a48-aaa8-a7ff53a36bd9,,,,,
1ade55b5-4adf-49a1-99b8-87e7199be90d,09PB-Build,76039853-eeef-43af-9b96-a919b1629bf3,,,,,
1ade55b5-4adf-49a1-99b8-87e7199be90d,09PB-Build,b93bcf8a-2384-4c5d-bbad-a93366a262ba,,,,,
1ade55b5-4adf-49a1-99b8-87e7199be90d,09PB-Build,0ba963df-216f-4369-9fc5-a9c64d548113,,,,,
1ade55b5-4adf-49a1-99b8-87e7199be90d,09PB-Build,3506de79-6e2a-4307-80aa-ab373fc7c909,,,,,
1ade55b5-4adf-49a1-99b8-87e7199be90d,09PB-Build,d05a7df7-2eb0-476a-a102-ab419f2dd434,,,,,
1ade55b5-4adf-49a1-99b8-87e7199be90d,09PB-Build,8069cd8f-472f-4749-afaa-ac4c4ca79e56,,,,,
1ade55b5-4adf-49a1-99b8-87e7199be90d,09PB-Build,8caf2de9-e995-4a78-beda-ad8c0ff229e8,,,,,
1ade55b5-4adf-49a1-99b8-87e7199be90d,09PB-Build,f439fe2d-8c04-4eb2-8fad-b0c200a60af6,,,,,
1ade55b5-4adf-49a1-99b8-87e7199be90d,09PB-Build,b39490ff-256d-47e0-86d4-b43cca12f3d6,,,,,
1ade55b5-4adf-49a1-99b8-87e7199be90d,09PB-Build,19bf13fa-c9fe-4e75-9923-b4c68c3a8ac1,,,,,
1ade55b5-4adf-49a1-99b8-87e7199be90d,09PB-Build,23095583-2316-4fed-be63-b67dddf21217,,,,,
1ade55b5-4adf-49a1-99b8-87e7199be90d,09PB-Build,58f76260-32ef-4aba-bedb-ba4a044b94be,,,,,
1ade55b5-4adf-49a1-99b8-87e7199be90d,09PB-Build,4917b8a1-9d91-4901-95d6-ba506da2effc,,,,,
1ade55b5-4adf-49a1-99b8-87e7199be90d,09PB-Build,139462ea-3b28-4d37-8cfc-bb48292269e3,,,,,
1ade55b5-4adf-49a1-99b8-87e7199be90d,09PB-Build,f812d97f-28be-4080-8312-bb81c6ed7548,,,,,
1ade55b5-4adf-49a1-99b8-87e7199be90d,09PB-Build,f489bbe0-6d29-4f60-b380-bbcfb5c620c9,,,,,
1ade55b5-4adf-49a1-99b8-87e7199be90d,09PB-Build,e36fc275-6efb-4e8c-bde8-bc5f099e7d1b,,,,,
1ade55b5-4adf-49a1-99b8-87e7199be90d,09PB-Build,43b82636-736f-44b6-a933-bcde30e6097d,,,,,
1ade55b5-4adf-49a1-99b8-87e7199be90d,09PB-Build,8cb6f309-ef66-466d-b7ed-be5742dd2c61,,,,,
1ade55b5-4adf-49a1-99b8-87e7199be90d,09PB-Build,34796456-9a41-40d6-b3ce-bf4912b86433,,,,,
1ade55b5-4adf-49a1-99b8-87e7199be90d,09PB-Build,6ce0099b-c7b1-417c-a2a5-c08722b42387,,,,,
1ade55b5-4adf-49a1-99b8-87e7199be90d,09PB-Build,b5535079-70a2-41ff-86f4-ca6852d9b596,,,,,
e0c891a3-c20a-4671-9ede-356d5922d8b9,101ADWebtest,4fae27e0-a190-4462-87fe-19b3e4444322,,,,,
e0c891a3-c20a-4671-9ede-356d5922d8b9,101ADWebtest,1280aad0-4a59-4106-9ecb-1e069e78c22b,,,,,
e0c891a3-c20a-4671-9ede-356d5922d8b9,101ADWebtest,44a3a489-a8ed-4a8b-ac71-1fdb5aa2f773,,,,,
e0c891a3-c20a-4671-9ede-356d5922d8b9,101ADWebtest,1f0ec194-4c6b-4768-84fa-218ae7955294,,,,,
e0c891a3-c20a-4671-9ede-356d5922d8b9,101ADWebtest,070f1381-57df-41ed-9fae-2fd8d1f79cb9,,,,,
e0c891a3-c20a-4671-9ede-356d5922d8b9,101ADWebtest,08afef32-7aea-4470-85e9-312dac79fde8,,,,,
e0c891a3-c20a-4671-9ede-356d5922d8b9,101ADWebtest,15f98655-e116-40ce-bf65-32034071cd4b,,,,,
e0c891a3-c20a-4671-9ede-356d5922d8b9,101ADWebtest,809a9c6f-9507-4ce7-a6a8-397147d6f1c2,,,,,
e0c891a3-c20a-4671-9ede-356d5922d8b9,101ADWebtest,169c3e1c-1373-45b9-a7a0-40828bb58166,,,,,
e0c891a3-c20a-4671-9ede-356d5922d8b9,101ADWebtest,7b64a8ac-9813-460e-9034-40b783272071,,,,,
e0c891a3-c20a-4671-9ede-356d5922d8b9,101ADWebtest,078724b4-d6e8-45ea-989a-41eeff0cc520,,,,,
e0c891a3-c20a-4671-9ede-356d5922d8b9,101ADWebtest,0578374f-6950-4d2a-a0c8-43c4bf8bc971,,,,,
e0c891a3-c20a-4671-9ede-356d5922d8b9,101ADWebtest,4a34c4c3-155d-4397-918e-49a469fa8853,,,,,
e0c891a3-c20a-4671-9ede-356d5922d8b9,101ADWebtest,af68a1eb-ab03-4251-9749-4b28d9e3b9fd,,,,,
e0c891a3-c20a-4671-9ede-356d5922d8b9,101ADWebtest,68bc1c7d-a2f3-4ba8-bb19-4bd3016ac110,,,,,
e0c891a3-c20a-4671-9ede-356d5922d8b9,101ADWebtest,91095fed-af10-45f6-b833-52a3ccfc6dde,,,,,
e0c891a3-c20a-4671-9ede-356d5922d8b9,101ADWebtest,2a768dbf-8fdb-493b-b42f-60532714d74e,,,,,
e0c891a3-c20a-4671-9ede-356d5922d8b9,101ADWebtest,36cedd23-99b7-42e9-ac37-773beb77ceaa,,,,,
e0c891a3-c20a-4671-9ede-356d5922d8b9,101ADWebtest,d7350f82-f473-44b9-9a24-7af6bb781e2a,,,,,
e0c891a3-c20a-4671-9ede-356d5922d8b9,101ADWebtest,b4f5aa99-e13f-4f8e-b0b4-7e43413f5955,,,,,
e0c891a3-c20a-4671-9ede-356d5922d8b9,101ADWebtest,50759ffe-34cf-43b6-b518-81588f52f56d,,,,,
e0c891a3-c20a-4671-9ede-356d5922d8b9,101ADWebtest,02134277-852b-4c06-aa13-893e4938cfdb,,,,,
e0c891a3-c20a-4671-9ede-356d5922d8b9,101ADWebtest,08a5f9f6-9541-4760-a786-901669eb7553,,,,,
e0c891a3-c20a-4671-9ede-356d5922d8b9,101ADWebtest,c593e2ce-4c4b-4d8c-b9cc-9cbeed1752f8,,,,,
e0c891a3-c20a-4671-9ede-356d5922d8b9,101ADWebtest,8069cd8f-472f-4749-afaa-ac4c4ca79e56,,,,,
e0c891a3-c20a-4671-9ede-356d5922d8b9,101ADWebtest,19bf13fa-c9fe-4e75-9923-b4c68c3a8ac1,,,,,
e0c891a3-c20a-4671-9ede-356d5922d8b9,101ADWebtest,23095583-2316-4fed-be63-b67dddf21217,,,,,
e0c891a3-c20a-4671-9ede-356d5922d8b9,101ADWebtest,43b82636-736f-44b6-a933-bcde30e6097d,,,,,
e0c891a3-c20a-4671-9ede-356d5922d8b9,101ADWebtest,d728f5c3-868e-4d4a-8236-c36a2b896b59,,,,,
e0c891a3-c20a-4671-9ede-356d5922d8b9,101ADWebtest,d852c5ac-bdaa-4d67-9ee1-cb9db7b5e30f,,,,,
e0c891a3-c20a-4671-9ede-356d5922d8b9,101ADWebtest,cb8b50eb-2c14-4773-a389-cc7dd757365b,,,,,
e0c891a3-c20a-4671-9ede-356d5922d8b9,101ADWebtest,37fce499-fd26-49d5-ad0c-d2fa122f994d,,,,,
e0c891a3-c20a-4671-9ede-356d5922d8b9,101ADWebtest,d3c0da7b-0222-47d5-8a07-e58fbb4606be,,,,,
e0c891a3-c20a-4671-9ede-356d5922d8b9,101ADWebtest,d92ba8fd-4352-4f2f-883d-e7e49b8b7339,,,,,
e0c891a3-c20a-4671-9ede-356d5922d8b9,101ADWebtest,b2207121-3977-480f-b29b-f246b66d40db,,,,,
5bb1fae4-4cf1-4b86-b08a-ab97fa3607de,101FX64,cb9b347a-c15e-4a80-88b5-05202c52dec8,,3346993a-39d6-4cf7-89ab-01fd8fc18142,,5b32d9c3-17b8-44a8-9411-d6decffde34d,Microsoft EAS 56006474 - year 1
5bb1fae4-4cf1-4b86-b08a-ab97fa3607de,101FX64,cb9b347a-c15e-4a80-88b5-05202c52dec8,,957e49de-f3b2-4a2a-9206-064c8a4849f8,,0d4aba5a-93f2-46d8-80a7-5afd9a036a13,Microsoft EAS 56006474 - year 2
5bb1fae4-4cf1-4b86-b08a-ab97fa3607de,101FX64,cb9b347a-c15e-4a80-88b5-05202c52dec8,,ca79467e-fcff-41b2-8c2d-07c3bbccce3e,,0d4aba5a-93f2-46d8-80a7-5afd9a036a13,Microsoft EAS 56006474 - year 2
5bb1fae4-4cf1-4b86-b08a-ab97fa3607de,101FX64,cb9b347a-c15e-4a80-88b5-05202c52dec8,,1a56bcae-6400-44e4-acd5-13e0d4942b90,,0d4aba5a-93f2-46d8-80a7-5afd9a036a13,Microsoft EAS 56006474 - year 2
5bb1fae4-4cf1-4b86-b08a-ab97fa3607de,101FX64,cb9b347a-c15e-4a80-88b5-05202c52dec8,,a558174c-6636-41f7-93b7-28024cd7fde7,,5b32d9c3-17b8-44a8-9411-d6decffde34d,Microsoft EAS 56006474 - year 1
5bb1fae4-4cf1-4b86-b08a-ab97fa3607de,101FX64,cb9b347a-c15e-4a80-88b5-05202c52dec8,,31f32828-276e-4b5a-b61e-2ec9d9fdb628,,5b32d9c3-17b8-44a8-9411-d6decffde34d,Microsoft EAS 56006474 - year 1
5bb1fae4-4cf1-4b86-b08a-ab97fa3607de,101FX64,cb9b347a-c15e-4a80-88b5-05202c52dec8,,0a230743-d2ef-4b77-8f7b-3e8ebfa746dc,,5b32d9c3-17b8-44a8-9411-d6decffde34d,Microsoft EAS 56006474 - year 1
5bb1fae4-4cf1-4b86-b08a-ab97fa3607de,101FX64,cb9b347a-c15e-4a80-88b5-05202c52dec8,,1c3231ef-1476-4a9a-841c-5bb267c5bb47,,0d4aba5a-93f2-46d8-80a7-5afd9a036a13,Microsoft EAS 56006474 - year 2
5bb1fae4-4cf1-4b86-b08a-ab97fa3607de,101FX64,cb9b347a-c15e-4a80-88b5-05202c52dec8,,a977c826-2242-413a-9d44-88e7105070bd,,5b32d9c3-17b8-44a8-9411-d6decffde34d,Microsoft EAS 56006474 - year 1
5bb1fae4-4cf1-4b86-b08a-ab97fa3607de,101FX64,28197de9-e890-490c-86de-083525ea1fae,,,,,
5bb1fae4-4cf1-4b86-b08a-ab97fa3607de,101FX64,cd921ef3-58e7-426b-84cf-098891159fd3,,,,,
5bb1fae4-4cf1-4b86-b08a-ab97fa3607de,101FX64,5db85620-1139-460b-806a-0db06f2ff3cb,,,,,
5bb1fae4-4cf1-4b86-b08a-ab97fa3607de,101FX64,2a1f2ce9-3076-4c9e-807d-0ef908221ea1,,,,,
5bb1fae4-4cf1-4b86-b08a-ab97fa3607de,101FX64,0acc2d53-5fa1-4a7d-a32f-107e654fbe80,,,,,
5bb1fae4-4cf1-4b86-b08a-ab97fa3607de,101FX64,2141a91c-65fd-4e8c-b131-10c19e52fe5a,,,,,
5bb1fae4-4cf1-4b86-b08a-ab97fa3607de,101FX64,9e831cc9-bd05-4572-ae6a-12704c8b50a3,,,,,
5bb1fae4-4cf1-4b86-b08a-ab97fa3607de,101FX64,4fae27e0-a190-4462-87fe-19b3e4444322,,,,,
5bb1fae4-4cf1-4b86-b08a-ab97fa3607de,101FX64,1280aad0-4a59-4106-9ecb-1e069e78c22b,,,,,
5bb1fae4-4cf1-4b86-b08a-ab97fa3607de,101FX64,91a96e0c-35df-40fa-a3dd-1e190943d733,,,,,
5bb1fae4-4cf1-4b86-b08a-ab97fa3607de,101FX64,44a3a489-a8ed-4a8b-ac71-1fdb5aa2f773,,,,,
5bb1fae4-4cf1-4b86-b08a-ab97fa3607de,101FX64,10e6737e-c3bb-4b5f-8e23-2177b7832a51,,,,,
5bb1fae4-4cf1-4b86-b08a-ab97fa3607de,101FX64,1f0ec194-4c6b-4768-84fa-218ae7955294,,,,,
5bb1fae4-4cf1-4b86-b08a-ab97fa3607de,101FX64,de5c3173-ebe8-4994-b01c-260081009ea2,,,,,
5bb1fae4-4cf1-4b86-b08a-ab97fa3607de,101FX64,142b70e3-8e28-4bf1-8498-273b45cbcf79,,,,,
5bb1fae4-4cf1-4b86-b08a-ab97fa3607de,101FX64,55dc244a-0961-4097-8bfa-27b6f524cf8d,,,,,
5bb1fae4-4cf1-4b86-b08a-ab97fa3607de,101FX64,4d0662f9-7d6b-4c9f-b819-28f7ed937e87,,,,,
5bb1fae4-4cf1-4b86-b08a-ab97fa3607de,101FX64,070f1381-57df-41ed-9fae-2fd8d1f79cb9,,,,,
5bb1fae4-4cf1-4b86-b08a-ab97fa3607de,101FX64,08afef32-7aea-4470-85e9-312dac79fde8,,,,,
5bb1fae4-4cf1-4b86-b08a-ab97fa3607de,101FX64,6f0c6513-2e7d-423f-8879-35e1fff79ed0,,,,,
5bb1fae4-4cf1-4b86-b08a-ab97fa3607de,101FX64,a8283ed4-dd0a-4900-9079-37fccea26cd1,,,,,
5bb1fae4-4cf1-4b86-b08a-ab97fa3607de,101FX64,809a9c6f-9507-4ce7-a6a8-397147d6f1c2,,,,,
5bb1fae4-4cf1-4b86-b08a-ab97fa3607de,101FX64,ec1a325c-309d-452e-9c46-3b89f3bbab3a,,,,,
5bb1fae4-4cf1-4b86-b08a-ab97fa3607de,101FX64,169c3e1c-1373-45b9-a7a0-40828bb58166,,,,,
5bb1fae4-4cf1-4b86-b08a-ab97fa3607de,101FX64,078724b4-d6e8-45ea-989a-41eeff0cc520,,,,,
5bb1fae4-4cf1-4b86-b08a-ab97fa3607de,101FX64,0578374f-6950-4d2a-a0c8-43c4bf8bc971,,,,,
5bb1fae4-4cf1-4b86-b08a-ab97fa3607de,101FX64,40b0f3a7-a76e-4ccf-8fe0-453e2e07aa03,,,,,
5bb1fae4-4cf1-4b86-b08a-ab97fa3607de,101FX64,2e0400f8-c0a3-41e0-aaf6-469d87208a79,,,,,
5bb1fae4-4cf1-4b86-b08a-ab97fa3607de,101FX64,4a34c4c3-155d-4397-918e-49a469fa8853,,,,,
5bb1fae4-4cf1-4b86-b08a-ab97fa3607de,101FX64,e27cc70f-b415-4ae9-b480-4bb56755edb6,,,,,
5bb1fae4-4cf1-4b86-b08a-ab97fa3607de,101FX64,68bc1c7d-a2f3-4ba8-bb19-4bd3016ac110,,,,,
5bb1fae4-4cf1-4b86-b08a-ab97fa3607de,101FX64,f807982f-8062-401a-9d35-4d30ed209f4f,,,,,
5bb1fae4-4cf1-4b86-b08a-ab97fa3607de,101FX64,c5e594a3-82f9-4576-898c-4dc627a07682,,,,,
5bb1fae4-4cf1-4b86-b08a-ab97fa3607de,101FX64,5ebb9727-19a6-4aaa-b411-4e557ce287d3,,,,,
5bb1fae4-4cf1-4b86-b08a-ab97fa3607de,101FX64,add607b8-63a6-4fa6-b077-5038032f8c67,,,,,
5bb1fae4-4cf1-4b86-b08a-ab97fa3607de,101FX64,91095fed-af10-45f6-b833-52a3ccfc6dde,,,,,
5bb1fae4-4cf1-4b86-b08a-ab97fa3607de,101FX64,735df57d-17bf-4021-b1b0-593157b26d1e,,,,,
5bb1fae4-4cf1-4b86-b08a-ab97fa3607de,101FX64,efcfbefd-b88a-4045-a404-5a15f95271be,,,,,
5bb1fae4-4cf1-4b86-b08a-ab97fa3607de,101FX64,470ce92c-e7c1-452e-abde-5ea4a75ebf73,,,,,
5bb1fae4-4cf1-4b86-b08a-ab97fa3607de,101FX64,c2a34b27-4847-4b79-b120-5eeb22657e5f,,,,,
5bb1fae4-4cf1-4b86-b08a-ab97fa3607de,101FX64,e68df1b3-a1bd-4119-bf8c-5f5e80e73560,,,,,
5bb1fae4-4cf1-4b86-b08a-ab97fa3607de,101FX64,2a768dbf-8fdb-493b-b42f-60532714d74e,,,,,
5bb1fae4-4cf1-4b86-b08a-ab97fa3607de,101FX64,d6963a57-9a83-496c-b663-60a85ecfaef5,,,,,
5bb1fae4-4cf1-4b86-b08a-ab97fa3607de,101FX64,91e3b93a-8d1b-44a1-af69-621bf16ebcd8,,,,,
5bb1fae4-4cf1-4b86-b08a-ab97fa3607de,101FX64,56ac572a-3152-4f8e-b000-64b9d79a578a,,,,,
5bb1fae4-4cf1-4b86-b08a-ab97fa3607de,101FX64,91749d1d-c428-494f-b411-68f598203e9d,,,,,
5bb1fae4-4cf1-4b86-b08a-ab97fa3607de,101FX64,6bffa701-25dd-49fa-a0ef-7038f7f958d6,,,,,
5bb1fae4-4cf1-4b86-b08a-ab97fa3607de,101FX64,9ce5d2d9-9bd9-4fb8-92a6-70d4ce16f6fe,,,,,
5bb1fae4-4cf1-4b86-b08a-ab97fa3607de,101FX64,2a2e523d-216e-4024-8c45-73f0b6b6c8a0,,,,,
5bb1fae4-4cf1-4b86-b08a-ab97fa3607de,101FX64,daf36125-b63e-4373-a371-74f9c9fb566c,,,,,
5bb1fae4-4cf1-4b86-b08a-ab97fa3607de,101FX64,b9d5c6f0-3588-4576-8bdc-769ac5584884,,,,,
5bb1fae4-4cf1-4b86-b08a-ab97fa3607de,101FX64,36cedd23-99b7-42e9-ac37-773beb77ceaa,,,,,
5bb1fae4-4cf1-4b86-b08a-ab97fa3607de,101FX64,579c6c20-c67d-4b16-98e8-79eac5016f7a,,,,,
5bb1fae4-4cf1-4b86-b08a-ab97fa3607de,101FX64,d7350f82-f473-44b9-9a24-7af6bb781e2a,,,,,
5bb1fae4-4cf1-4b86-b08a-ab97fa3607de,101FX64,727cf85f-47d7-403d-ab1f-7bcfb389fea4,,,,,
5bb1fae4-4cf1-4b86-b08a-ab97fa3607de,101FX64,00bf6e82-9c4e-4e0e-bf2b-7c977fc19983,,,,,
5bb1fae4-4cf1-4b86-b08a-ab97fa3607de,101FX64,290d6fa6-c952-4569-868b-7d4d12b600ee,,,,,
5bb1fae4-4cf1-4b86-b08a-ab97fa3607de,101FX64,500fea2a-92c5-4ba4-98e8-7d602330d061,,,,,
5bb1fae4-4cf1-4b86-b08a-ab97fa3607de,101FX64,b4f5aa99-e13f-4f8e-b0b4-7e43413f5955,,,,,
5bb1fae4-4cf1-4b86-b08a-ab97fa3607de,101FX64,50759ffe-34cf-43b6-b518-81588f52f56d,,,,,
5bb1fae4-4cf1-4b86-b08a-ab97fa3607de,101FX64,9c31dfd7-dd0d-4c51-87bc-81eb53ae8093,,,,,
5bb1fae4-4cf1-4b86-b08a-ab97fa3607de,101FX64,66924e1a-4a50-4659-b7aa-83f259337892,,,,,
5bb1fae4-4cf1-4b86-b08a-ab97fa3607de,101FX64,f53b9262-1a2c-4f54-94d5-85aee6645c64,,,,,
5bb1fae4-4cf1-4b86-b08a-ab97fa3607de,101FX64,437912c1-400a-4531-ac62-87e20740daa6,,,,,
5bb1fae4-4cf1-4b86-b08a-ab97fa3607de,101FX64,160a887f-1a66-4eae-96c5-881286dda1df,,,,,
5bb1fae4-4cf1-4b86-b08a-ab97fa3607de,101FX64,ac546bf0-3455-4c1d-b4b3-884010c5c00c,,,,,
5bb1fae4-4cf1-4b86-b08a-ab97fa3607de,101FX64,8be57238-864e-4709-a3f7-893d1e5bdfe7,,,,,
5bb1fae4-4cf1-4b86-b08a-ab97fa3607de,101FX64,04051eba-83f1-4ee2-b8ee-8ffa64eb5245,,,,,
5bb1fae4-4cf1-4b86-b08a-ab97fa3607de,101FX64,08a5f9f6-9541-4760-a786-901669eb7553,,,,,
5bb1fae4-4cf1-4b86-b08a-ab97fa3607de,101FX64,94617c43-f2c3-42ec-958a-93190a1c120b,,,,,
5bb1fae4-4cf1-4b86-b08a-ab97fa3607de,101FX64,602b0d1f-8e63-4521-8380-9937f063d3f9,,,,,
5bb1fae4-4cf1-4b86-b08a-ab97fa3607de,101FX64,c593e2ce-4c4b-4d8c-b9cc-9cbeed1752f8,,,,,
5bb1fae4-4cf1-4b86-b08a-ab97fa3607de,101FX64,10a4b7ca-a339-4b2f-88e0-9df62e24d239,,,,,
5bb1fae4-4cf1-4b86-b08a-ab97fa3607de,101FX64,4d0c7017-8257-4c00-a392-9ea1fa4e33fb,,,,,
5bb1fae4-4cf1-4b86-b08a-ab97fa3607de,101FX64,47858121-54e0-44bd-ae5c-9f7f5d74e1ed,,,,,
5bb1fae4-4cf1-4b86-b08a-ab97fa3607de,101FX64,42c40fa5-d01c-482c-a5d3-a0793940e848,,,,,
5bb1fae4-4cf1-4b86-b08a-ab97fa3607de,101FX64,86c05adb-229d-4f82-8b65-a12e2df853e0,,,,,
5bb1fae4-4cf1-4b86-b08a-ab97fa3607de,101FX64,97af0e3e-b69c-4865-9abc-a17f28c9b44a,,,,,
5bb1fae4-4cf1-4b86-b08a-ab97fa3607de,101FX64,b93bcf8a-2384-4c5d-bbad-a93366a262ba,,,,,
5bb1fae4-4cf1-4b86-b08a-ab97fa3607de,101FX64,d05a7df7-2eb0-476a-a102-ab419f2dd434,,,,,
5bb1fae4-4cf1-4b86-b08a-ab97fa3607de,101FX64,8069cd8f-472f-4749-afaa-ac4c4ca79e56,,,,,
5bb1fae4-4cf1-4b86-b08a-ab97fa3607de,101FX64,138e65c7-2c3b-487b-ac28-ae8127108025,,,,,
5bb1fae4-4cf1-4b86-b08a-ab97fa3607de,101FX64,44ac510e-979b-4825-b2b8-b1493fe38c1b,,,,,
5bb1fae4-4cf1-4b86-b08a-ab97fa3607de,101FX64,19bf13fa-c9fe-4e75-9923-b4c68c3a8ac1,,,,,
5bb1fae4-4cf1-4b86-b08a-ab97fa3607de,101FX64,72324d58-7fed-411a-b544-b62cbd76bd9e,,,,,
5bb1fae4-4cf1-4b86-b08a-ab97fa3607de,101FX64,23095583-2316-4fed-be63-b67dddf21217,,,,,
5bb1fae4-4cf1-4b86-b08a-ab97fa3607de,101FX64,b1288cda-b792-4edf-b5e5-b8a8c5f4e0c2,,,,,
5bb1fae4-4cf1-4b86-b08a-ab97fa3607de,101FX64,30a2a5c3-62c1-4af9-b7e1-b94d5ad641ac,,,,,
5bb1fae4-4cf1-4b86-b08a-ab97fa3607de,101FX64,43b82636-736f-44b6-a933-bcde30e6097d,,,,,
5bb1fae4-4cf1-4b86-b08a-ab97fa3607de,101FX64,ed075d0f-a67b-48de-ae86-bd77f4dcd904,,,,,
5bb1fae4-4cf1-4b86-b08a-ab97fa3607de,101FX64,34796456-9a41-40d6-b3ce-bf4912b86433,,,,,
5bb1fae4-4cf1-4b86-b08a-ab97fa3607de,101FX64,064c2d9b-5f2e-4ffa-9001-c2dccfd15ddd,,,,,
5bb1fae4-4cf1-4b86-b08a-ab97fa3607de,101FX64,dd127672-8568-4a1d-bbea-c7dbf6a73883,,,,,
5bb1fae4-4cf1-4b86-b08a-ab97fa3607de,101FX64,d852c5ac-bdaa-4d67-9ee1-cb9db7b5e30f,,,,,
5bb1fae4-4cf1-4b86-b08a-ab97fa3607de,101FX64,cb8b50eb-2c14-4773-a389-cc7dd757365b,,,,,
5bb1fae4-4cf1-4b86-b08a-ab97fa3607de,101FX64,a5c13277-bf51-4636-9346-cd86ecdca7e3,,,,,
5bb1fae4-4cf1-4b86-b08a-ab97fa3607de,101FX64,886eb6c6-f4e7-45a4-816d-cfcd2b70142e,,,,,
5bb1fae4-4cf1-4b86-b08a-ab97fa3607de,101FX64,1f757c17-d1c5-4968-96f0-d15dcb010848,,,,,
5bb1fae4-4cf1-4b86-b08a-ab97fa3607de,101FX64,c7d4e536-28b7-4d31-852d-d22321715dad,,,,,
cfafa632-d35e-4d8c-8e67-5ae40f44bcf6,103DJB4,76f60af1-1b7a-478f-8fbf-00867e5fbdd5,,,,,
cfafa632-d35e-4d8c-8e67-5ae40f44bcf6,103DJB4,cb9b347a-c15e-4a80-88b5-05202c52dec8,,3346993a-39d6-4cf7-89ab-01fd8fc18142,,5b32d9c3-17b8-44a8-9411-d6decffde34d,Microsoft EAS 56006474 - year 1
cfafa632-d35e-4d8c-8e67-5ae40f44bcf6,103DJB4,cb9b347a-c15e-4a80-88b5-05202c52dec8,,957e49de-f3b2-4a2a-9206-064c8a4849f8,,0d4aba5a-93f2-46d8-80a7-5afd9a036a13,Microsoft EAS 56006474 - year 2
cfafa632-d35e-4d8c-8e67-5ae40f44bcf6,103DJB4,cb9b347a-c15e-4a80-88b5-05202c52dec8,,ca79467e-fcff-41b2-8c2d-07c3bbccce3e,,0d4aba5a-93f2-46d8-80a7-5afd9a036a13,Microsoft EAS 56006474 - year 2
cfafa632-d35e-4d8c-8e67-5ae40f44bcf6,103DJB4,cb9b347a-c15e-4a80-88b5-05202c52dec8,,1a56bcae-6400-44e4-acd5-13e0d4942b90,,0d4aba5a-93f2-46d8-80a7-5afd9a036a13,Microsoft EAS 56006474 - year 2
cfafa632-d35e-4d8c-8e67-5ae40f44bcf6,103DJB4,cb9b347a-c15e-4a80-88b5-05202c52dec8,,a558174c-6636-41f7-93b7-28024cd7fde7,,5b32d9c3-17b8-44a8-9411-d6decffde34d,Microsoft EAS 56006474 - year 1
cfafa632-d35e-4d8c-8e67-5ae40f44bcf6,103DJB4,cb9b347a-c15e-4a80-88b5-05202c52dec8,,31f32828-276e-4b5a-b61e-2ec9d9fdb628,,5b32d9c3-17b8-44a8-9411-d6decffde34d,Microsoft EAS 56006474 - year 1
cfafa632-d35e-4d8c-8e67-5ae40f44bcf6,103DJB4,cb9b347a-c15e-4a80-88b5-05202c52dec8,,0a230743-d2ef-4b77-8f7b-3e8ebfa746dc,,5b32d9c3-17b8-44a8-9411-d6decffde34d,Microsoft EAS 56006474 - year 1
cfafa632-d35e-4d8c-8e67-5ae40f44bcf6,103DJB4,cb9b347a-c15e-4a80-88b5-05202c52dec8,,1c3231ef-1476-4a9a-841c-5bb267c5bb47,,0d4aba5a-93f2-46d8-80a7-5afd9a036a13,Microsoft EAS 56006474 - year 2
cfafa632-d35e-4d8c-8e67-5ae40f44bcf6,103DJB4,cb9b347a-c15e-4a80-88b5-05202c52dec8,,a977c826-2242-413a-9d44-88e7105070bd,,5b32d9c3-17b8-44a8-9411-d6decffde34d,Microsoft EAS 56006474 - year 1
cfafa632-d35e-4d8c-8e67-5ae40f44bcf6,103DJB4,d3dbb100-effb-4fd9-9ae0-06a335a492a4,,,,,
cfafa632-d35e-4d8c-8e67-5ae40f44bcf6,103DJB4,28197de9-e890-490c-86de-083525ea1fae,,,,,
cfafa632-d35e-4d8c-8e67-5ae40f44bcf6,103DJB4,5db85620-1139-460b-806a-0db06f2ff3cb,,,,,
cfafa632-d35e-4d8c-8e67-5ae40f44bcf6,103DJB4,4fae27e0-a190-4462-87fe-19b3e4444322,,,,,
cfafa632-d35e-4d8c-8e67-5ae40f44bcf6,103DJB4,3e4fbd9d-fca3-4b1d-bb1c-1b713aeca3e0,,,,,
cfafa632-d35e-4d8c-8e67-5ae40f44bcf6,103DJB4,1280aad0-4a59-4106-9ecb-1e069e78c22b,,,,,
cfafa632-d35e-4d8c-8e67-5ae40f44bcf6,103DJB4,daef80f5-bc6a-404c-9f33-1ee111b2f75d,,,,,
cfafa632-d35e-4d8c-8e67-5ae40f44bcf6,103DJB4,44a3a489-a8ed-4a8b-ac71-1fdb5aa2f773,,,,,
cfafa632-d35e-4d8c-8e67-5ae40f44bcf6,103DJB4,1f0ec194-4c6b-4768-84fa-218ae7955294,,,,,
cfafa632-d35e-4d8c-8e67-5ae40f44bcf6,103DJB4,de5c3173-ebe8-4994-b01c-260081009ea2,,,,,
cfafa632-d35e-4d8c-8e67-5ae40f44bcf6,103DJB4,142b70e3-8e28-4bf1-8498-273b45cbcf79,,,,,
cfafa632-d35e-4d8c-8e67-5ae40f44bcf6,103DJB4,55dc244a-0961-4097-8bfa-27b6f524cf8d,,,,,
cfafa632-d35e-4d8c-8e67-5ae40f44bcf6,103DJB4,4d0662f9-7d6b-4c9f-b819-28f7ed937e87,,,,,
cfafa632-d35e-4d8c-8e67-5ae40f44bcf6,103DJB4,070f1381-57df-41ed-9fae-2fd8d1f79cb9,,,,,
cfafa632-d35e-4d8c-8e67-5ae40f44bcf6,103DJB4,08afef32-7aea-4470-85e9-312dac79fde8,,,,,
cfafa632-d35e-4d8c-8e67-5ae40f44bcf6,103DJB4,e2c0fbb9-8acc-405b-9593-3686f4bd7ea3,,,,,
cfafa632-d35e-4d8c-8e67-5ae40f44bcf6,103DJB4,9b87fe9d-7376-48ce-9238-37825ad8f163,,,,,
cfafa632-d35e-4d8c-8e67-5ae40f44bcf6,103DJB4,a8283ed4-dd0a-4900-9079-37fccea26cd1,,,,,
cfafa632-d35e-4d8c-8e67-5ae40f44bcf6,103DJB4,809a9c6f-9507-4ce7-a6a8-397147d6f1c2,,,,,
cfafa632-d35e-4d8c-8e67-5ae40f44bcf6,103DJB4,169c3e1c-1373-45b9-a7a0-40828bb58166,,,,,
cfafa632-d35e-4d8c-8e67-5ae40f44bcf6,103DJB4,078724b4-d6e8-45ea-989a-41eeff0cc520,,,,,
cfafa632-d35e-4d8c-8e67-5ae40f44bcf6,103DJB4,0578374f-6950-4d2a-a0c8-43c4bf8bc971,,,,,
cfafa632-d35e-4d8c-8e67-5ae40f44bcf6,103DJB4,68bc1c7d-a2f3-4ba8-bb19-4bd3016ac110,,,,,
cfafa632-d35e-4d8c-8e67-5ae40f44bcf6,103DJB4,7375ff08-4dea-4689-b88d-4da834dd8f6f,,,,,
cfafa632-d35e-4d8c-8e67-5ae40f44bcf6,103DJB4,5ebb9727-19a6-4aaa-b411-4e557ce287d3,,,,,
cfafa632-d35e-4d8c-8e67-5ae40f44bcf6,103DJB4,0cb843f1-2d37-409a-8ab4-521ba9f4d5b7,,,,,
cfafa632-d35e-4d8c-8e67-5ae40f44bcf6,103DJB4,91095fed-af10-45f6-b833-52a3ccfc6dde,,,,,
cfafa632-d35e-4d8c-8e67-5ae40f44bcf6,103DJB4,2259eb04-8a77-4862-9ae9-58a285781f5c,,,,,
cfafa632-d35e-4d8c-8e67-5ae40f44bcf6,103DJB4,470ce92c-e7c1-452e-abde-5ea4a75ebf73,,,,,
cfafa632-d35e-4d8c-8e67-5ae40f44bcf6,103DJB4,c2a34b27-4847-4b79-b120-5eeb22657e5f,,,,,
cfafa632-d35e-4d8c-8e67-5ae40f44bcf6,103DJB4,e68df1b3-a1bd-4119-bf8c-5f5e80e73560,,,,,
cfafa632-d35e-4d8c-8e67-5ae40f44bcf6,103DJB4,2a768dbf-8fdb-493b-b42f-60532714d74e,,,,,
cfafa632-d35e-4d8c-8e67-5ae40f44bcf6,103DJB4,91e3b93a-8d1b-44a1-af69-621bf16ebcd8,,,,,
cfafa632-d35e-4d8c-8e67-5ae40f44bcf6,103DJB4,3132dffb-0445-4a5a-b1ac-6278ae70651d,,,,,
cfafa632-d35e-4d8c-8e67-5ae40f44bcf6,103DJB4,56ac572a-3152-4f8e-b000-64b9d79a578a,,,,,
cfafa632-d35e-4d8c-8e67-5ae40f44bcf6,103DJB4,91749d1d-c428-494f-b411-68f598203e9d,,,,,
cfafa632-d35e-4d8c-8e67-5ae40f44bcf6,103DJB4,9ce5d2d9-9bd9-4fb8-92a6-70d4ce16f6fe,,,,,
cfafa632-d35e-4d8c-8e67-5ae40f44bcf6,103DJB4,daf36125-b63e-4373-a371-74f9c9fb566c,,,,,
cfafa632-d35e-4d8c-8e67-5ae40f44bcf6,103DJB4,b9d5c6f0-3588-4576-8bdc-769ac5584884,,,,,
cfafa632-d35e-4d8c-8e67-5ae40f44bcf6,103DJB4,36cedd23-99b7-42e9-ac37-773beb77ceaa,,,,,
cfafa632-d35e-4d8c-8e67-5ae40f44bcf6,103DJB4,579c6c20-c67d-4b16-98e8-79eac5016f7a,,,,,
cfafa632-d35e-4d8c-8e67-5ae40f44bcf6,103DJB4,d7350f82-f473-44b9-9a24-7af6bb781e2a,,,,,
cfafa632-d35e-4d8c-8e67-5ae40f44bcf6,103DJB4,00bf6e82-9c4e-4e0e-bf2b-7c977fc19983,,,,,
cfafa632-d35e-4d8c-8e67-5ae40f44bcf6,103DJB4,290d6fa6-c952-4569-868b-7d4d12b600ee,,,,,
cfafa632-d35e-4d8c-8e67-5ae40f44bcf6,103DJB4,500fea2a-92c5-4ba4-98e8-7d602330d061,,,,,
cfafa632-d35e-4d8c-8e67-5ae40f44bcf6,103DJB4,b4f5aa99-e13f-4f8e-b0b4-7e43413f5955,,,,,
cfafa632-d35e-4d8c-8e67-5ae40f44bcf6,103DJB4,50759ffe-34cf-43b6-b518-81588f52f56d,,,,,
cfafa632-d35e-4d8c-8e67-5ae40f44bcf6,103DJB4,9c31dfd7-dd0d-4c51-87bc-81eb53ae8093,,,,,
cfafa632-d35e-4d8c-8e67-5ae40f44bcf6,103DJB4,66924e1a-4a50-4659-b7aa-83f259337892,,,,,
cfafa632-d35e-4d8c-8e67-5ae40f44bcf6,103DJB4,f53b9262-1a2c-4f54-94d5-85aee6645c64,,,,,
cfafa632-d35e-4d8c-8e67-5ae40f44bcf6,103DJB4,437912c1-400a-4531-ac62-87e20740daa6,,,,,
cfafa632-d35e-4d8c-8e67-5ae40f44bcf6,103DJB4,160a887f-1a66-4eae-96c5-881286dda1df,,,,,
cfafa632-d35e-4d8c-8e67-5ae40f44bcf6,103DJB4,ac546bf0-3455-4c1d-b4b3-884010c5c00c,,,,,
cfafa632-d35e-4d8c-8e67-5ae40f44bcf6,103DJB4,8be57238-864e-4709-a3f7-893d1e5bdfe7,,,,,
cfafa632-d35e-4d8c-8e67-5ae40f44bcf6,103DJB4,08a5f9f6-9541-4760-a786-901669eb7553,,,,,
cfafa632-d35e-4d8c-8e67-5ae40f44bcf6,103DJB4,94617c43-f2c3-42ec-958a-93190a1c120b,,,,,
cfafa632-d35e-4d8c-8e67-5ae40f44bcf6,103DJB4,294548b0-8ae4-4d04-b3a5-947dd9ead7c7,,,,,
cfafa632-d35e-4d8c-8e67-5ae40f44bcf6,103DJB4,a5d1a6f7-f92c-4049-bd77-971e989a024a,,,,,
cfafa632-d35e-4d8c-8e67-5ae40f44bcf6,103DJB4,602b0d1f-8e63-4521-8380-9937f063d3f9,,,,,
cfafa632-d35e-4d8c-8e67-5ae40f44bcf6,103DJB4,c593e2ce-4c4b-4d8c-b9cc-9cbeed1752f8,,,,,
cfafa632-d35e-4d8c-8e67-5ae40f44bcf6,103DJB4,d8ad618a-b1a2-475b-a31d-9cfba42db7d6,,,,,
cfafa632-d35e-4d8c-8e67-5ae40f44bcf6,103DJB4,af6c6b97-099d-4eeb-92ec-9d6606f94d38,,,,,
cfafa632-d35e-4d8c-8e67-5ae40f44bcf6,103DJB4,10a4b7ca-a339-4b2f-88e0-9df62e24d239,,,,,
cfafa632-d35e-4d8c-8e67-5ae40f44bcf6,103DJB4,4d0c7017-8257-4c00-a392-9ea1fa4e33fb,,,,,
cfafa632-d35e-4d8c-8e67-5ae40f44bcf6,103DJB4,47858121-54e0-44bd-ae5c-9f7f5d74e1ed,,,,,
cfafa632-d35e-4d8c-8e67-5ae40f44bcf6,103DJB4,42c40fa5-d01c-482c-a5d3-a0793940e848,,,,,
cfafa632-d35e-4d8c-8e67-5ae40f44bcf6,103DJB4,86c05adb-229d-4f82-8b65-a12e2df853e0,,,,,
cfafa632-d35e-4d8c-8e67-5ae40f44bcf6,103DJB4,97af0e3e-b69c-4865-9abc-a17f28c9b44a,,,,,
cfafa632-d35e-4d8c-8e67-5ae40f44bcf6,103DJB4,b93bcf8a-2384-4c5d-bbad-a93366a262ba,,,,,
cfafa632-d35e-4d8c-8e67-5ae40f44bcf6,103DJB4,1c89091e-e558-498f-b405-a966364ae013,,,,,
cfafa632-d35e-4d8c-8e67-5ae40f44bcf6,103DJB4,a8531d38-d25a-410f-8c27-a96b73ae754b,,,,,
cfafa632-d35e-4d8c-8e67-5ae40f44bcf6,103DJB4,44ac510e-979b-4825-b2b8-b1493fe38c1b,,,,,
cfafa632-d35e-4d8c-8e67-5ae40f44bcf6,103DJB4,19bf13fa-c9fe-4e75-9923-b4c68c3a8ac1,,,,,
cfafa632-d35e-4d8c-8e67-5ae40f44bcf6,103DJB4,72324d58-7fed-411a-b544-b62cbd76bd9e,,,,,
cfafa632-d35e-4d8c-8e67-5ae40f44bcf6,103DJB4,23095583-2316-4fed-be63-b67dddf21217,,,,,
cfafa632-d35e-4d8c-8e67-5ae40f44bcf6,103DJB4,f0cef9e1-44fa-4ba7-a137-baddf079c12e,,,,,
cfafa632-d35e-4d8c-8e67-5ae40f44bcf6,103DJB4,43b82636-736f-44b6-a933-bcde30e6097d,,,,,
cfafa632-d35e-4d8c-8e67-5ae40f44bcf6,103DJB4,34796456-9a41-40d6-b3ce-bf4912b86433,,,,,
cfafa632-d35e-4d8c-8e67-5ae40f44bcf6,103DJB4,064c2d9b-5f2e-4ffa-9001-c2dccfd15ddd,,,,,
cfafa632-d35e-4d8c-8e67-5ae40f44bcf6,103DJB4,be77a84b-0e40-404d-ad85-c3a56a4848bb,,,,,
cfafa632-d35e-4d8c-8e67-5ae40f44bcf6,103DJB4,f5f64e07-9713-4203-95f9-c4003df7eb3d,,,,,
cfafa632-d35e-4d8c-8e67-5ae40f44bcf6,103DJB4,dd127672-8568-4a1d-bbea-c7dbf6a73883,,,,,
cfafa632-d35e-4d8c-8e67-5ae40f44bcf6,103DJB4,afa8aac1-9a13-471d-9e8f-c8ef718e8453,,,,,
cfafa632-d35e-4d8c-8e67-5ae40f44bcf6,103DJB4,d852c5ac-bdaa-4d67-9ee1-cb9db7b5e30f,,,,,
cfafa632-d35e-4d8c-8e67-5ae40f44bcf6,103DJB4,cb8b50eb-2c14-4773-a389-cc7dd757365b,,,,,
cfafa632-d35e-4d8c-8e67-5ae40f44bcf6,103DJB4,a5c13277-bf51-4636-9346-cd86ecdca7e3,,,,,
cfafa632-d35e-4d8c-8e67-5ae40f44bcf6,103DJB4,b707bb77-8521-474e-b283-d558d126a96d,,,,,
cfafa632-d35e-4d8c-8e67-5ae40f44bcf6,103DJB4,5c682b91-91a4-4473-8496-da733d3192c4,,,,,
cfafa632-d35e-4d8c-8e67-5ae40f44bcf6,103DJB4,eb5b3d14-104b-4ef1-8aaa-da87bdff5d3f,,,,,
cfafa632-d35e-4d8c-8e67-5ae40f44bcf6,103DJB4,60e06550-2c31-487d-9562-dad50c37f681,,,,,
cfafa632-d35e-4d8c-8e67-5ae40f44bcf6,103DJB4,332f345e-3f44-4983-a109-dbfe0d6b3e47,,,,,
cfafa632-d35e-4d8c-8e67-5ae40f44bcf6,103DJB4,aeedc428-f593-41d6-ae71-de7e7ff3db42,,,,,
cfafa632-d35e-4d8c-8e67-5ae40f44bcf6,103DJB4,d3c0da7b-0222-47d5-8a07-e58fbb4606be,,,,,
cfafa632-d35e-4d8c-8e67-5ae40f44bcf6,103DJB4,53eee1fa-79b3-40bc-9579-e61827ce4c04,,,,,
cfafa632-d35e-4d8c-8e67-5ae40f44bcf6,103DJB4,d92ba8fd-4352-4f2f-883d-e7e49b8b7339,,,,,
cfafa632-d35e-4d8c-8e67-5ae40f44bcf6,103DJB4,f383247b-c879-40ac-9214-ebfe3e592e2f,,,,,
cfafa632-d35e-4d8c-8e67-5ae40f44bcf6,103DJB4,1d98056d-fecc-42af-abb7-ed2686d87160,,,,,
cfafa632-d35e-4d8c-8e67-5ae40f44bcf6,103DJB4,a29aaa3c-9c53-420b-bbb1-ed8320e6b60b,,,,,
caa34730-18d2-4b88-ba92-dc9a1dc1de04,1053KR3,76f60af1-1b7a-478f-8fbf-00867e5fbdd5,,,,,
caa34730-18d2-4b88-ba92-dc9a1dc1de04,1053KR3,d74971e7-34cf-4e77-b1e3-02be4d5a78e1,,,,,
caa34730-18d2-4b88-ba92-dc9a1dc1de04,1053KR3,b09b398f-02a9-48f0-8b92-03a8e1229775,,,,,
caa34730-18d2-4b88-ba92-dc9a1dc1de04,1053KR3,107ff7eb-0c62-4e83-9b10-03ff0a58facb,,9cba87f2-10c8-4c84-98ef-31ff2e713871,,5c96bcf8-8452-47a6-932e-0979132cf448,SecureFlag (WTG AU)
caa34730-18d2-4b88-ba92-dc9a1dc1de04,1053KR3,107ff7eb-0c62-4e83-9b10-03ff0a58facb,,bf393dc4-4a08-4ae7-90e0-4b8a0bd80a4c,,5c96bcf8-8452-47a6-932e-0979132cf448,SecureFlag (WTG AU)
caa34730-18d2-4b88-ba92-dc9a1dc1de04,1053KR3,cb9b347a-c15e-4a80-88b5-05202c52dec8,,3346993a-39d6-4cf7-89ab-01fd8fc18142,,5b32d9c3-17b8-44a8-9411-d6decffde34d,Microsoft EAS 56006474 - year 1
caa34730-18d2-4b88-ba92-dc9a1dc1de04,1053KR3,cb9b347a-c15e-4a80-88b5-05202c52dec8,,957e49de-f3b2-4a2a-9206-064c8a4849f8,,0d4aba5a-93f2-46d8-80a7-5afd9a036a13,Microsoft EAS 56006474 - year 2
caa34730-18d2-4b88-ba92-dc9a1dc1de04,1053KR3,cb9b347a-c15e-4a80-88b5-05202c52dec8,,ca79467e-fcff-41b2-8c2d-07c3bbccce3e,,0d4aba5a-93f2-46d8-80a7-5afd9a036a13,Microsoft EAS 56006474 - year 2
caa34730-18d2-4b88-ba92-dc9a1dc1de04,1053KR3,cb9b347a-c15e-4a80-88b5-05202c52dec8,,1a56bcae-6400-44e4-acd5-13e0d4942b90,,0d4aba5a-93f2-46d8-80a7-5afd9a036a13,Microsoft EAS 56006474 - year 2
caa34730-18d2-4b88-ba92-dc9a1dc1de04,1053KR3,cb9b347a-c15e-4a80-88b5-05202c52dec8,,a558174c-6636-41f7-93b7-28024cd7fde7,,5b32d9c3-17b8-44a8-9411-d6decffde34d,Microsoft EAS 56006474 - year 1
caa34730-18d2-4b88-ba92-dc9a1dc1de04,1053KR3,cb9b347a-c15e-4a80-88b5-05202c52dec8,,31f32828-276e-4b5a-b61e-2ec9d9fdb628,,5b32d9c3-17b8-44a8-9411-d6decffde34d,Microsoft EAS 56006474 - year 1
caa34730-18d2-4b88-ba92-dc9a1dc1de04,1053KR3,cb9b347a-c15e-4a80-88b5-05202c52dec8,,0a230743-d2ef-4b77-8f7b-3e8ebfa746dc,,5b32d9c3-17b8-44a8-9411-d6decffde34d,Microsoft EAS 56006474 - year 1
caa34730-18d2-4b88-ba92-dc9a1dc1de04,1053KR3,cb9b347a-c15e-4a80-88b5-05202c52dec8,,1c3231ef-1476-4a9a-841c-5bb267c5bb47,,0d4aba5a-93f2-46d8-80a7-5afd9a036a13,Microsoft EAS 56006474 - year 2
caa34730-18d2-4b88-ba92-dc9a1dc1de04,1053KR3,cb9b347a-c15e-4a80-88b5-05202c52dec8,,a977c826-2242-413a-9d44-88e7105070bd,,5b32d9c3-17b8-44a8-9411-d6decffde34d,Microsoft EAS 56006474 - year 1
caa34730-18d2-4b88-ba92-dc9a1dc1de04,1053KR3,43208ac6-b14f-4588-ae78-060f5780f185,,,,,
caa34730-18d2-4b88-ba92-dc9a1dc1de04,1053KR3,d3dbb100-effb-4fd9-9ae0-06a335a492a4,,,,,
caa34730-18d2-4b88-ba92-dc9a1dc1de04,1053KR3,1bf07ee9-2e3f-42fa-832f-081efd0737b2,,,,,
caa34730-18d2-4b88-ba92-dc9a1dc1de04,1053KR3,28197de9-e890-490c-86de-083525ea1fae,,,,,
caa34730-18d2-4b88-ba92-dc9a1dc1de04,1053KR3,cd921ef3-58e7-426b-84cf-098891159fd3,,,,,
caa34730-18d2-4b88-ba92-dc9a1dc1de04,1053KR3,b8affa9e-0855-4a49-b56a-09bd2a962dec,,,,,
caa34730-18d2-4b88-ba92-dc9a1dc1de04,1053KR3,bef799aa-9a0e-419d-a5be-09dac36c4056,,,,,
caa34730-18d2-4b88-ba92-dc9a1dc1de04,1053KR3,7c1f65a4-ed48-42f3-91ae-0a1589f73ce0,,,,,
caa34730-18d2-4b88-ba92-dc9a1dc1de04,1053KR3,ca18a16f-893b-403b-b96d-0b364ceddce7,,,,,
caa34730-18d2-4b88-ba92-dc9a1dc1de04,1053KR3,75b5d57b-2f6f-46ad-8adb-0ecb882f2a00,,,,,
caa34730-18d2-4b88-ba92-dc9a1dc1de04,1053KR3,0acc2d53-5fa1-4a7d-a32f-107e654fbe80,,,,,
caa34730-18d2-4b88-ba92-dc9a1dc1de04,1053KR3,9e831cc9-bd05-4572-ae6a-12704c8b50a3,,,,,
caa34730-18d2-4b88-ba92-dc9a1dc1de04,1053KR3,2a0e0b93-a955-40d8-ab82-12cfd80edc7d,,,,,
caa34730-18d2-4b88-ba92-dc9a1dc1de04,1053KR3,2165f8b2-1246-4544-ae62-12e57a0b5aea,,,,,
caa34730-18d2-4b88-ba92-dc9a1dc1de04,1053KR3,64ae3c44-7c7c-4420-b972-131c9ff7c4c2,,,,,
caa34730-18d2-4b88-ba92-dc9a1dc1de04,1053KR3,f22b70f8-cb29-48da-8c88-17f948350700,,,,,
caa34730-18d2-4b88-ba92-dc9a1dc1de04,1053KR3,e88c759f-ef45-4cb0-84ed-192665e52c28,,,,,
caa34730-18d2-4b88-ba92-dc9a1dc1de04,1053KR3,4fae27e0-a190-4462-87fe-19b3e4444322,,,,,
caa34730-18d2-4b88-ba92-dc9a1dc1de04,1053KR3,930b42da-e0c7-407f-9c4f-1b1bea755085,,,,,
caa34730-18d2-4b88-ba92-dc9a1dc1de04,1053KR3,87b78606-b9a6-4969-943b-1c1c9627e3b1,,,,,
caa34730-18d2-4b88-ba92-dc9a1dc1de04,1053KR3,1280aad0-4a59-4106-9ecb-1e069e78c22b,,,,,
caa34730-18d2-4b88-ba92-dc9a1dc1de04,1053KR3,daef80f5-bc6a-404c-9f33-1ee111b2f75d,,,,,
caa34730-18d2-4b88-ba92-dc9a1dc1de04,1053KR3,44a3a489-a8ed-4a8b-ac71-1fdb5aa2f773,,,,,
caa34730-18d2-4b88-ba92-dc9a1dc1de04,1053KR3,1f0ec194-4c6b-4768-84fa-218ae7955294,,,,,
caa34730-18d2-4b88-ba92-dc9a1dc1de04,1053KR3,fad8b8f4-e1f2-4f63-9848-229c0d24ebdd,,,,,
caa34730-18d2-4b88-ba92-dc9a1dc1de04,1053KR3,1c6edb63-71d7-435f-b18a-230557b28ad5,,,,,
caa34730-18d2-4b88-ba92-dc9a1dc1de04,1053KR3,41f2efab-3e61-4f42-83a5-2347b519b1c2,,,,,
caa34730-18d2-4b88-ba92-dc9a1dc1de04,1053KR3,4b773cf6-b4c6-430a-9c97-23f02e0e5c3c,,,,,
caa34730-18d2-4b88-ba92-dc9a1dc1de04,1053KR3,179faa8f-6183-4399-8c5b-2403b1d09b87,,,,,
caa34730-18d2-4b88-ba92-dc9a1dc1de04,1053KR3,54de8bdc-63bf-4499-bd36-255598a1131a,,,,,
caa34730-18d2-4b88-ba92-dc9a1dc1de04,1053KR3,de5c3173-ebe8-4994-b01c-260081009ea2,,,,,
caa34730-18d2-4b88-ba92-dc9a1dc1de04,1053KR3,142b70e3-8e28-4bf1-8498-273b45cbcf79,,,,,
caa34730-18d2-4b88-ba92-dc9a1dc1de04,1053KR3,55dc244a-0961-4097-8bfa-27b6f524cf8d,,,,,
caa34730-18d2-4b88-ba92-dc9a1dc1de04,1053KR3,0bfbe60d-9416-46f6-bf43-27bb55f6bb82,,,,,
caa34730-18d2-4b88-ba92-dc9a1dc1de04,1053KR3,4d0662f9-7d6b-4c9f-b819-28f7ed937e87,,,,,
caa34730-18d2-4b88-ba92-dc9a1dc1de04,1053KR3,e713224b-1108-4d08-b41c-2945d122602d,,,,,
caa34730-18d2-4b88-ba92-dc9a1dc1de04,1053KR3,2b602333-b739-4939-acd8-295bdb0eaf86,,,,,
caa34730-18d2-4b88-ba92-dc9a1dc1de04,1053KR3,ac877c9e-d6a4-4bd9-a574-29a0a20aa1b1,,,,,
caa34730-18d2-4b88-ba92-dc9a1dc1de04,1053KR3,1d33dcf6-4d58-430b-be15-29a6fc94d653,,e3a10fc4-08fa-4ebb-9b2d-7674060729ef,,,
caa34730-18d2-4b88-ba92-dc9a1dc1de04,1053KR3,1d33dcf6-4d58-430b-be15-29a6fc94d653,,37afb3ca-4b7c-4034-9e7d-87246e6b8dff,,,
caa34730-18d2-4b88-ba92-dc9a1dc1de04,1053KR3,1d33dcf6-4d58-430b-be15-29a6fc94d653,,e5609e49-4d6d-4d8f-8521-97395bd1f31f,,8e957d69-8e26-4fb4-b7fe-498a7dd89ada,Atlassian (WTG Design)
caa34730-18d2-4b88-ba92-dc9a1dc1de04,1053KR3,c4b9c7c6-36cc-4f86-89b9-2cb0fecaae7c,,,,,
caa34730-18d2-4b88-ba92-dc9a1dc1de04,1053KR3,f482e852-fbbc-45c9-aacd-2d2290bc96f2,,,,,
caa34730-18d2-4b88-ba92-dc9a1dc1de04,1053KR3,25002818-892b-4e40-a65d-2ec13b251a90,,,,,
caa34730-18d2-4b88-ba92-dc9a1dc1de04,1053KR3,070f1381-57df-41ed-9fae-2fd8d1f79cb9,,,,,
caa34730-18d2-4b88-ba92-dc9a1dc1de04,1053KR3,18e45c63-80ad-485f-98e8-300c090a4947,,,,,
caa34730-18d2-4b88-ba92-dc9a1dc1de04,1053KR3,08afef32-7aea-4470-85e9-312dac79fde8,,,,,
caa34730-18d2-4b88-ba92-dc9a1dc1de04,1053KR3,36c70339-a2fa-4928-af3a-31b10d62941e,,,,,
caa34730-18d2-4b88-ba92-dc9a1dc1de04,1053KR3,8765b694-dcf6-4b65-b30f-3425f3870a41,,,,,
caa34730-18d2-4b88-ba92-dc9a1dc1de04,1053KR3,761cf81a-b126-4ac2-b7a3-349f4a581ae9,,,,,
caa34730-18d2-4b88-ba92-dc9a1dc1de04,1053KR3,11902dd5-3d1d-46be-99e6-3521f9ba0857,,,,,
caa34730-18d2-4b88-ba92-dc9a1dc1de04,1053KR3,8998de15-ea2b-4062-b779-356634214e5c,,,,,
caa34730-18d2-4b88-ba92-dc9a1dc1de04,1053KR3,62082b38-9e00-4f8d-87ed-379e67aa95b1,,,,,
caa34730-18d2-4b88-ba92-dc9a1dc1de04,1053KR3,a8283ed4-dd0a-4900-9079-37fccea26cd1,,,,,
caa34730-18d2-4b88-ba92-dc9a1dc1de04,1053KR3,a1ec599d-57b9-4cff-9216-3939d45dd512,,,,,
caa34730-18d2-4b88-ba92-dc9a1dc1de04,1053KR3,ec1a325c-309d-452e-9c46-3b89f3bbab3a,,,,,
caa34730-18d2-4b88-ba92-dc9a1dc1de04,1053KR3,078724b4-d6e8-45ea-989a-41eeff0cc520,,,,,
caa34730-18d2-4b88-ba92-dc9a1dc1de04,1053KR3,424f88f9-4d0b-4871-bb0c-42a981fac630,,,,,
caa34730-18d2-4b88-ba92-dc9a1dc1de04,1053KR3,ba0ee6ef-2a9b-4c3f-9127-430515ec3ddc,,,,,
caa34730-18d2-4b88-ba92-dc9a1dc1de04,1053KR3,0578374f-6950-4d2a-a0c8-43c4bf8bc971,,,,,
caa34730-18d2-4b88-ba92-dc9a1dc1de04,1053KR3,a837aa02-34f5-4308-ac96-44b7ff7cf7af,,,,,
caa34730-18d2-4b88-ba92-dc9a1dc1de04,1053KR3,51613b42-7b3e-4247-9308-45252b8d1ba0,,,,,
caa34730-18d2-4b88-ba92-dc9a1dc1de04,1053KR3,2e0400f8-c0a3-41e0-aaf6-469d87208a79,,,,,
caa34730-18d2-4b88-ba92-dc9a1dc1de04,1053KR3,713c4367-4da6-4bc6-8c37-49241295a0f6,,,,,
caa34730-18d2-4b88-ba92-dc9a1dc1de04,1053KR3,4a34c4c3-155d-4397-918e-49a469fa8853,,,,,
caa34730-18d2-4b88-ba92-dc9a1dc1de04,1053KR3,f6a61b83-f0dc-494a-adee-4a243ebb14f3,,,,,
caa34730-18d2-4b88-ba92-dc9a1dc1de04,1053KR3,af68a1eb-ab03-4251-9749-4b28d9e3b9fd,,,,,
caa34730-18d2-4b88-ba92-dc9a1dc1de04,1053KR3,9a3e7845-e504-4001-b208-4c1fdfe99bc7,,,,,
caa34730-18d2-4b88-ba92-dc9a1dc1de04,1053KR3,9390a14c-a997-4457-a177-4ce2947721e5,,,,,
caa34730-18d2-4b88-ba92-dc9a1dc1de04,1053KR3,617ac5d8-f97b-427d-b71e-4d48c6784afb,,,,,
caa34730-18d2-4b88-ba92-dc9a1dc1de04,1053KR3,7375ff08-4dea-4689-b88d-4da834dd8f6f,,,,,
caa34730-18d2-4b88-ba92-dc9a1dc1de04,1053KR3,5ebb9727-19a6-4aaa-b411-4e557ce287d3,,,,,
caa34730-18d2-4b88-ba92-dc9a1dc1de04,1053KR3,ecf06e4a-8cc1-413e-91ff-4f0be7846d2a,,,,,
caa34730-18d2-4b88-ba92-dc9a1dc1de04,1053KR3,91095fed-af10-45f6-b833-52a3ccfc6dde,,,,,
caa34730-18d2-4b88-ba92-dc9a1dc1de04,1053KR3,66f40a36-12cf-470e-9bb0-5331e5187f71,,,,,
caa34730-18d2-4b88-ba92-dc9a1dc1de04,1053KR3,3c7d82f1-be51-4730-9848-53351c4e15e7,,,,,
caa34730-18d2-4b88-ba92-dc9a1dc1de04,1053KR3,32a06dc7-fd59-4998-b74d-5582b85481e6,,,,,
caa34730-18d2-4b88-ba92-dc9a1dc1de04,1053KR3,e61cfe35-9770-41cf-b74d-5759efc54d80,,,,,
caa34730-18d2-4b88-ba92-dc9a1dc1de04,1053KR3,8cd8f7dc-af62-478e-b734-58146e033bf5,,,,,
caa34730-18d2-4b88-ba92-dc9a1dc1de04,1053KR3,5ffc74cc-5df9-4198-8fa6-58e856ce6a76,,,,,
caa34730-18d2-4b88-ba92-dc9a1dc1de04,1053KR3,efcfbefd-b88a-4045-a404-5a15f95271be,,,,,
caa34730-18d2-4b88-ba92-dc9a1dc1de04,1053KR3,4a0121c7-0dbc-49cd-a6a2-5a17e5a3d1ed,,,,,
caa34730-18d2-4b88-ba92-dc9a1dc1de04,1053KR3,88d90928-fb8d-4fc5-9485-5d9214d27833,,,,,
caa34730-18d2-4b88-ba92-dc9a1dc1de04,1053KR3,470ce92c-e7c1-452e-abde-5ea4a75ebf73,,,,,
caa34730-18d2-4b88-ba92-dc9a1dc1de04,1053KR3,c2a34b27-4847-4b79-b120-5eeb22657e5f,,,,,
caa34730-18d2-4b88-ba92-dc9a1dc1de04,1053KR3,e68df1b3-a1bd-4119-bf8c-5f5e80e73560,,,,,
caa34730-18d2-4b88-ba92-dc9a1dc1de04,1053KR3,a0a0d43f-ad22-4844-9d66-5fd8ca5d6550,,,,,
caa34730-18d2-4b88-ba92-dc9a1dc1de04,1053KR3,27b98d79-ee50-4656-9690-6014112d46d7,,,,,
caa34730-18d2-4b88-ba92-dc9a1dc1de04,1053KR3,2a768dbf-8fdb-493b-b42f-60532714d74e,,,,,
caa34730-18d2-4b88-ba92-dc9a1dc1de04,1053KR3,d6963a57-9a83-496c-b663-60a85ecfaef5,,,,,
caa34730-18d2-4b88-ba92-dc9a1dc1de04,1053KR3,2dfd7678-a054-4281-8a1b-61fbf5891eef,,,,,
caa34730-18d2-4b88-ba92-dc9a1dc1de04,1053KR3,91e3b93a-8d1b-44a1-af69-621bf16ebcd8,,,,,
caa34730-18d2-4b88-ba92-dc9a1dc1de04,1053KR3,56ac572a-3152-4f8e-b000-64b9d79a578a,,,,,
caa34730-18d2-4b88-ba92-dc9a1dc1de04,1053KR3,4a701972-6212-4c2e-9042-676685f26df3,,,,,
caa34730-18d2-4b88-ba92-dc9a1dc1de04,1053KR3,37427053-1dcb-4c60-b5ab-67875a17e2af,,,,,
caa34730-18d2-4b88-ba92-dc9a1dc1de04,1053KR3,e3f7422d-78d2-4ce2-9f02-6878d0c97afb,,,,,
caa34730-18d2-4b88-ba92-dc9a1dc1de04,1053KR3,91749d1d-c428-494f-b411-68f598203e9d,,,,,
cd06990f-9d1e-41d1-8525-b2d419ca39bd,1053TW3,76f60af1-1b7a-478f-8fbf-00867e5fbdd5,,,,,
cd06990f-9d1e-41d1-8525-b2d419ca39bd,1053TW3,cb9b347a-c15e-4a80-88b5-05202c52dec8,,3346993a-39d6-4cf7-89ab-01fd8fc18142,,5b32d9c3-17b8-44a8-9411-d6decffde34d,Microsoft EAS 56006474 - year 1
cd06990f-9d1e-41d1-8525-b2d419ca39bd,1053TW3,cb9b347a-c15e-4a80-88b5-05202c52dec8,,957e49de-f3b2-4a2a-9206-064c8a4849f8,,0d4aba5a-93f2-46d8-80a7-5afd9a036a13,Microsoft EAS 56006474 - year 2
cd06990f-9d1e-41d1-8525-b2d419ca39bd,1053TW3,cb9b347a-c15e-4a80-88b5-05202c52dec8,,ca79467e-fcff-41b2-8c2d-07c3bbccce3e,,0d4aba5a-93f2-46d8-80a7-5afd9a036a13,Microsoft EAS 56006474 - year 2
cd06990f-9d1e-41d1-8525-b2d419ca39bd,1053TW3,cb9b347a-c15e-4a80-88b5-05202c52dec8,,1a56bcae-6400-44e4-acd5-13e0d4942b90,,0d4aba5a-93f2-46d8-80a7-5afd9a036a13,Microsoft EAS 56006474 - year 2
cd06990f-9d1e-41d1-8525-b2d419ca39bd,1053TW3,cb9b347a-c15e-4a80-88b5-05202c52dec8,,a558174c-6636-41f7-93b7-28024cd7fde7,,5b32d9c3-17b8-44a8-9411-d6decffde34d,Microsoft EAS 56006474 - year 1
cd06990f-9d1e-41d1-8525-b2d419ca39bd,1053TW3,cb9b347a-c15e-4a80-88b5-05202c52dec8,,31f32828-276e-4b5a-b61e-2ec9d9fdb628,,5b32d9c3-17b8-44a8-9411-d6decffde34d,Microsoft EAS 56006474 - year 1
cd06990f-9d1e-41d1-8525-b2d419ca39bd,1053TW3,cb9b347a-c15e-4a80-88b5-05202c52dec8,,0a230743-d2ef-4b77-8f7b-3e8ebfa746dc,,5b32d9c3-17b8-44a8-9411-d6decffde34d,Microsoft EAS 56006474 - year 1
cd06990f-9d1e-41d1-8525-b2d419ca39bd,1053TW3,cb9b347a-c15e-4a80-88b5-05202c52dec8,,1c3231ef-1476-4a9a-841c-5bb267c5bb47,,0d4aba5a-93f2-46d8-80a7-5afd9a036a13,Microsoft EAS 56006474 - year 2
cd06990f-9d1e-41d1-8525-b2d419ca39bd,1053TW3,cb9b347a-c15e-4a80-88b5-05202c52dec8,,a977c826-2242-413a-9d44-88e7105070bd,,5b32d9c3-17b8-44a8-9411-d6decffde34d,Microsoft EAS 56006474 - year 1
cd06990f-9d1e-41d1-8525-b2d419ca39bd,1053TW3,96ed307b-c024-4b7c-9a47-0558ff48c521,,,,,
cd06990f-9d1e-41d1-8525-b2d419ca39bd,1053TW3,d3dbb100-effb-4fd9-9ae0-06a335a492a4,,,,,
cd06990f-9d1e-41d1-8525-b2d419ca39bd,1053TW3,28197de9-e890-490c-86de-083525ea1fae,,,,,
cd06990f-9d1e-41d1-8525-b2d419ca39bd,1053TW3,cd921ef3-58e7-426b-84cf-098891159fd3,,,,,
cd06990f-9d1e-41d1-8525-b2d419ca39bd,1053TW3,5db85620-1139-460b-806a-0db06f2ff3cb,,,,,
cd06990f-9d1e-41d1-8525-b2d419ca39bd,1053TW3,9e831cc9-bd05-4572-ae6a-12704c8b50a3,,,,,
cd06990f-9d1e-41d1-8525-b2d419ca39bd,1053TW3,4fae27e0-a190-4462-87fe-19b3e4444322,,,,,
cd06990f-9d1e-41d1-8525-b2d419ca39bd,1053TW3,0b4f71be-a0d0-498d-931b-1a5584617fa0,,,,,
cd06990f-9d1e-41d1-8525-b2d419ca39bd,1053TW3,19a77f65-75db-49b4-80fa-1bca6c5f0c94,,,,,
cd06990f-9d1e-41d1-8525-b2d419ca39bd,1053TW3,1280aad0-4a59-4106-9ecb-1e069e78c22b,,,,,
cd06990f-9d1e-41d1-8525-b2d419ca39bd,1053TW3,44a3a489-a8ed-4a8b-ac71-1fdb5aa2f773,,,,,
cd06990f-9d1e-41d1-8525-b2d419ca39bd,1053TW3,1f0ec194-4c6b-4768-84fa-218ae7955294,,,,,
cd06990f-9d1e-41d1-8525-b2d419ca39bd,1053TW3,de5c3173-ebe8-4994-b01c-260081009ea2,,,,,
cd06990f-9d1e-41d1-8525-b2d419ca39bd,1053TW3,a8e0c40f-4c9e-4629-bb8f-2669dfa7754f,,,,,
cd06990f-9d1e-41d1-8525-b2d419ca39bd,1053TW3,142b70e3-8e28-4bf1-8498-273b45cbcf79,,,,,
cd06990f-9d1e-41d1-8525-b2d419ca39bd,1053TW3,4d0662f9-7d6b-4c9f-b819-28f7ed937e87,,,,,
cd06990f-9d1e-41d1-8525-b2d419ca39bd,1053TW3,2b602333-b739-4939-acd8-295bdb0eaf86,,,,,
cd06990f-9d1e-41d1-8525-b2d419ca39bd,1053TW3,77f3c11b-49e3-4150-a2a3-29ef42b47701,,,,,
cd06990f-9d1e-41d1-8525-b2d419ca39bd,1053TW3,b15d7ea3-5cc4-4a6c-b089-2a5b7e91bad6,,,,,
cd06990f-9d1e-41d1-8525-b2d419ca39bd,1053TW3,070f1381-57df-41ed-9fae-2fd8d1f79cb9,,,,,
cd06990f-9d1e-41d1-8525-b2d419ca39bd,1053TW3,08afef32-7aea-4470-85e9-312dac79fde8,,,,,
cd06990f-9d1e-41d1-8525-b2d419ca39bd,1053TW3,36c70339-a2fa-4928-af3a-31b10d62941e,,,,,
cd06990f-9d1e-41d1-8525-b2d419ca39bd,1053TW3,51e8a8d0-4432-4cde-b99b-37bdddb89dc2,,,,,
cd06990f-9d1e-41d1-8525-b2d419ca39bd,1053TW3,a8283ed4-dd0a-4900-9079-37fccea26cd1,,,,,
cd06990f-9d1e-41d1-8525-b2d419ca39bd,1053TW3,723c4ca7-43c6-40e6-bb60-388845b289bf,,,,,
cd06990f-9d1e-41d1-8525-b2d419ca39bd,1053TW3,809a9c6f-9507-4ce7-a6a8-397147d6f1c2,,,,,
cd06990f-9d1e-41d1-8525-b2d419ca39bd,1053TW3,4bbf12ae-f92b-4b83-a4a2-3996eb4d3e4e,,,,,
cd06990f-9d1e-41d1-8525-b2d419ca39bd,1053TW3,078724b4-d6e8-45ea-989a-41eeff0cc520,,,,,
cd06990f-9d1e-41d1-8525-b2d419ca39bd,1053TW3,424f88f9-4d0b-4871-bb0c-42a981fac630,,,,,
cd06990f-9d1e-41d1-8525-b2d419ca39bd,1053TW3,0578374f-6950-4d2a-a0c8-43c4bf8bc971,,,,,
cd06990f-9d1e-41d1-8525-b2d419ca39bd,1053TW3,40b0f3a7-a76e-4ccf-8fe0-453e2e07aa03,,,,,
cd06990f-9d1e-41d1-8525-b2d419ca39bd,1053TW3,be812d03-7407-4b38-86c8-4674b1d4cadd,,,,,
cd06990f-9d1e-41d1-8525-b2d419ca39bd,1053TW3,2e0400f8-c0a3-41e0-aaf6-469d87208a79,,,,,
cd06990f-9d1e-41d1-8525-b2d419ca39bd,1053TW3,4a34c4c3-155d-4397-918e-49a469fa8853,,,,,
cd06990f-9d1e-41d1-8525-b2d419ca39bd,1053TW3,68bc1c7d-a2f3-4ba8-bb19-4bd3016ac110,,,,,
cd06990f-9d1e-41d1-8525-b2d419ca39bd,1053TW3,f807982f-8062-401a-9d35-4d30ed209f4f,,,,,
cd06990f-9d1e-41d1-8525-b2d419ca39bd,1053TW3,c5e594a3-82f9-4576-898c-4dc627a07682,,,,,
cd06990f-9d1e-41d1-8525-b2d419ca39bd,1053TW3,5ebb9727-19a6-4aaa-b411-4e557ce287d3,,,,,
cd06990f-9d1e-41d1-8525-b2d419ca39bd,1053TW3,add607b8-63a6-4fa6-b077-5038032f8c67,,,,,
cd06990f-9d1e-41d1-8525-b2d419ca39bd,1053TW3,91095fed-af10-45f6-b833-52a3ccfc6dde,,,,,
cd06990f-9d1e-41d1-8525-b2d419ca39bd,1053TW3,a882c0c7-2477-4749-87f5-5448139fa8ad,,,,,
cd06990f-9d1e-41d1-8525-b2d419ca39bd,1053TW3,2bc499b4-7c55-4487-b99e-56d792148467,,,,,
cd06990f-9d1e-41d1-8525-b2d419ca39bd,1053TW3,efcfbefd-b88a-4045-a404-5a15f95271be,,,,,
cd06990f-9d1e-41d1-8525-b2d419ca39bd,1053TW3,7e444640-aec0-4f2e-9384-5d098481d311,,,,,
cd06990f-9d1e-41d1-8525-b2d419ca39bd,1053TW3,470ce92c-e7c1-452e-abde-5ea4a75ebf73,,,,,
cd06990f-9d1e-41d1-8525-b2d419ca39bd,1053TW3,c2a34b27-4847-4b79-b120-5eeb22657e5f,,,,,
cd06990f-9d1e-41d1-8525-b2d419ca39bd,1053TW3,e68df1b3-a1bd-4119-bf8c-5f5e80e73560,,,,,
cd06990f-9d1e-41d1-8525-b2d419ca39bd,1053TW3,2a768dbf-8fdb-493b-b42f-60532714d74e,,,,,
cd06990f-9d1e-41d1-8525-b2d419ca39bd,1053TW3,d6963a57-9a83-496c-b663-60a85ecfaef5,,,,,
cd06990f-9d1e-41d1-8525-b2d419ca39bd,1053TW3,91e3b93a-8d1b-44a1-af69-621bf16ebcd8,,,,,
cd06990f-9d1e-41d1-8525-b2d419ca39bd,1053TW3,e4330100-ca35-42e2-b4c2-6314e8da2a8c,,,,,
cd06990f-9d1e-41d1-8525-b2d419ca39bd,1053TW3,dabf78d8-bd82-449e-8ecb-6560508f2501,,,,,
cd06990f-9d1e-41d1-8525-b2d419ca39bd,1053TW3,4a701972-6212-4c2e-9042-676685f26df3,,,,,
cd06990f-9d1e-41d1-8525-b2d419ca39bd,1053TW3,91749d1d-c428-494f-b411-68f598203e9d,,,,,
cd06990f-9d1e-41d1-8525-b2d419ca39bd,1053TW3,6bffa701-25dd-49fa-a0ef-7038f7f958d6,,,,,
cd06990f-9d1e-41d1-8525-b2d419ca39bd,1053TW3,9ce5d2d9-9bd9-4fb8-92a6-70d4ce16f6fe,,,,,
cd06990f-9d1e-41d1-8525-b2d419ca39bd,1053TW3,3e54d6bd-20ff-475b-ade3-73ec10828c4f,,,,,
cd06990f-9d1e-41d1-8525-b2d419ca39bd,1053TW3,2a2e523d-216e-4024-8c45-73f0b6b6c8a0,,,,,
cd06990f-9d1e-41d1-8525-b2d419ca39bd,1053TW3,352ff6e5-6e1f-42e0-a6db-742486064e8c,,,,,
cd06990f-9d1e-41d1-8525-b2d419ca39bd,1053TW3,daf36125-b63e-4373-a371-74f9c9fb566c,,,,,
cd06990f-9d1e-41d1-8525-b2d419ca39bd,1053TW3,b9d5c6f0-3588-4576-8bdc-769ac5584884,,,,,
cd06990f-9d1e-41d1-8525-b2d419ca39bd,1053TW3,36cedd23-99b7-42e9-ac37-773beb77ceaa,,,,,
cd06990f-9d1e-41d1-8525-b2d419ca39bd,1053TW3,579c6c20-c67d-4b16-98e8-79eac5016f7a,,,,,
cd06990f-9d1e-41d1-8525-b2d419ca39bd,1053TW3,d7350f82-f473-44b9-9a24-7af6bb781e2a,,,,,
cd06990f-9d1e-41d1-8525-b2d419ca39bd,1053TW3,ea0f1095-ed54-405c-a3a6-7bd8cce621d8,,,,,
cd06990f-9d1e-41d1-8525-b2d419ca39bd,1053TW3,00bf6e82-9c4e-4e0e-bf2b-7c977fc19983,,,,,
cd06990f-9d1e-41d1-8525-b2d419ca39bd,1053TW3,290d6fa6-c952-4569-868b-7d4d12b600ee,,,,,
cd06990f-9d1e-41d1-8525-b2d419ca39bd,1053TW3,b4f5aa99-e13f-4f8e-b0b4-7e43413f5955,,,,,
cd06990f-9d1e-41d1-8525-b2d419ca39bd,1053TW3,50759ffe-34cf-43b6-b518-81588f52f56d,,,,,
cd06990f-9d1e-41d1-8525-b2d419ca39bd,1053TW3,9c31dfd7-dd0d-4c51-87bc-81eb53ae8093,,,,,
cd06990f-9d1e-41d1-8525-b2d419ca39bd,1053TW3,66924e1a-4a50-4659-b7aa-83f259337892,,,,,
cd06990f-9d1e-41d1-8525-b2d419ca39bd,1053TW3,f53b9262-1a2c-4f54-94d5-85aee6645c64,,,,,
cd06990f-9d1e-41d1-8525-b2d419ca39bd,1053TW3,437912c1-400a-4531-ac62-87e20740daa6,,,,,
cd06990f-9d1e-41d1-8525-b2d419ca39bd,1053TW3,160a887f-1a66-4eae-96c5-881286dda1df,,,,,
cd06990f-9d1e-41d1-8525-b2d419ca39bd,1053TW3,ac546bf0-3455-4c1d-b4b3-884010c5c00c,,,,,
cd06990f-9d1e-41d1-8525-b2d419ca39bd,1053TW3,8be57238-864e-4709-a3f7-893d1e5bdfe7,,,,,
cd06990f-9d1e-41d1-8525-b2d419ca39bd,1053TW3,a8e50c68-f587-41fb-8815-8bc3686d1c72,,,,,
cd06990f-9d1e-41d1-8525-b2d419ca39bd,1053TW3,aa1f764d-ada8-45f0-b14c-8f89719b791c,,,,,
cd06990f-9d1e-41d1-8525-b2d419ca39bd,1053TW3,08a5f9f6-9541-4760-a786-901669eb7553,,,,,
cd06990f-9d1e-41d1-8525-b2d419ca39bd,1053TW3,94617c43-f2c3-42ec-958a-93190a1c120b,,,,,
cd06990f-9d1e-41d1-8525-b2d419ca39bd,1053TW3,cb029bdb-a86c-40b7-a628-94f0ed2fa482,,,,,
cd06990f-9d1e-41d1-8525-b2d419ca39bd,1053TW3,602b0d1f-8e63-4521-8380-9937f063d3f9,,,,,
cd06990f-9d1e-41d1-8525-b2d419ca39bd,1053TW3,c593e2ce-4c4b-4d8c-b9cc-9cbeed1752f8,,,,,
cd06990f-9d1e-41d1-8525-b2d419ca39bd,1053TW3,4bfed0a7-cee7-46b2-9640-9cee8baf6c72,,,,,
cd06990f-9d1e-41d1-8525-b2d419ca39bd,1053TW3,d8ad618a-b1a2-475b-a31d-9cfba42db7d6,,,,,
cd06990f-9d1e-41d1-8525-b2d419ca39bd,1053TW3,10a4b7ca-a339-4b2f-88e0-9df62e24d239,,,,,
cd06990f-9d1e-41d1-8525-b2d419ca39bd,1053TW3,4d0c7017-8257-4c00-a392-9ea1fa4e33fb,,,,,
cd06990f-9d1e-41d1-8525-b2d419ca39bd,1053TW3,47858121-54e0-44bd-ae5c-9f7f5d74e1ed,,,,,
cd06990f-9d1e-41d1-8525-b2d419ca39bd,1053TW3,10954de4-eb00-4ffa-876c-a04db31e860f,,,,,
cd06990f-9d1e-41d1-8525-b2d419ca39bd,1053TW3,42c40fa5-d01c-482c-a5d3-a0793940e848,,,,,
cd06990f-9d1e-41d1-8525-b2d419ca39bd,1053TW3,86c05adb-229d-4f82-8b65-a12e2df853e0,,,,,
cd06990f-9d1e-41d1-8525-b2d419ca39bd,1053TW3,97af0e3e-b69c-4865-9abc-a17f28c9b44a,,,,,
cd06990f-9d1e-41d1-8525-b2d419ca39bd,1053TW3,ff3bf8f0-fdfd-4328-a21a-a69e6c577ae0,,,,,
cd06990f-9d1e-41d1-8525-b2d419ca39bd,1053TW3,b93bcf8a-2384-4c5d-bbad-a93366a262ba,,,,,
cd06990f-9d1e-41d1-8525-b2d419ca39bd,1053TW3,21ed2f21-ff8f-4382-b63a-aa1d00f2a4e0,,,,,
cd06990f-9d1e-41d1-8525-b2d419ca39bd,1053TW3,d05a7df7-2eb0-476a-a102-ab419f2dd434,,,,,
cd06990f-9d1e-41d1-8525-b2d419ca39bd,1053TW3,8069cd8f-472f-4749-afaa-ac4c4ca79e56,,,,,
cd06990f-9d1e-41d1-8525-b2d419ca39bd,1053TW3,138e65c7-2c3b-487b-ac28-ae8127108025,,,,,
48dbd954-2bca-4f17-8ee5-b752efbc2f6d,1083LN3,76f60af1-1b7a-478f-8fbf-00867e5fbdd5,,,,,
48dbd954-2bca-4f17-8ee5-b752efbc2f6d,1083LN3,b792b7fe-1c86-4e29-b0c2-01597f1341ca,,,,,
48dbd954-2bca-4f17-8ee5-b752efbc2f6d,1083LN3,cb9b347a-c15e-4a80-88b5-05202c52dec8,,3346993a-39d6-4cf7-89ab-01fd8fc18142,,5b32d9c3-17b8-44a8-9411-d6decffde34d,Microsoft EAS 56006474 - year 1
48dbd954-2bca-4f17-8ee5-b752efbc2f6d,1083LN3,cb9b347a-c15e-4a80-88b5-05202c52dec8,,957e49de-f3b2-4a2a-9206-064c8a4849f8,,0d4aba5a-93f2-46d8-80a7-5afd9a036a13,Microsoft EAS 56006474 - year 2
48dbd954-2bca-4f17-8ee5-b752efbc2f6d,1083LN3,cb9b347a-c15e-4a80-88b5-05202c52dec8,,ca79467e-fcff-41b2-8c2d-07c3bbccce3e,,0d4aba5a-93f2-46d8-80a7-5afd9a036a13,Microsoft EAS 56006474 - year 2
48dbd954-2bca-4f17-8ee5-b752efbc2f6d,1083LN3,cb9b347a-c15e-4a80-88b5-05202c52dec8,,1a56bcae-6400-44e4-acd5-13e0d4942b90,,0d4aba5a-93f2-46d8-80a7-5afd9a036a13,Microsoft EAS 56006474 - year 2
48dbd954-2bca-4f17-8ee5-b752efbc2f6d,1083LN3,cb9b347a-c15e-4a80-88b5-05202c52dec8,,a558174c-6636-41f7-93b7-28024cd7fde7,,5b32d9c3-17b8-44a8-9411-d6decffde34d,Microsoft EAS 56006474 - year 1
48dbd954-2bca-4f17-8ee5-b752efbc2f6d,1083LN3,cb9b347a-c15e-4a80-88b5-05202c52dec8,,31f32828-276e-4b5a-b61e-2ec9d9fdb628,,5b32d9c3-17b8-44a8-9411-d6decffde34d,Microsoft EAS 56006474 - year 1
48dbd954-2bca-4f17-8ee5-b752efbc2f6d,1083LN3,cb9b347a-c15e-4a80-88b5-05202c52dec8,,0a230743-d2ef-4b77-8f7b-3e8ebfa746dc,,5b32d9c3-17b8-44a8-9411-d6decffde34d,Microsoft EAS 56006474 - year 1
48dbd954-2bca-4f17-8ee5-b752efbc2f6d,1083LN3,cb9b347a-c15e-4a80-88b5-05202c52dec8,,1c3231ef-1476-4a9a-841c-5bb267c5bb47,,0d4aba5a-93f2-46d8-80a7-5afd9a036a13,Microsoft EAS 56006474 - year 2
48dbd954-2bca-4f17-8ee5-b752efbc2f6d,1083LN3,cb9b347a-c15e-4a80-88b5-05202c52dec8,,a977c826-2242-413a-9d44-88e7105070bd,,5b32d9c3-17b8-44a8-9411-d6decffde34d,Microsoft EAS 56006474 - year 1
48dbd954-2bca-4f17-8ee5-b752efbc2f6d,1083LN3,d3dbb100-effb-4fd9-9ae0-06a335a492a4,,,,,
48dbd954-2bca-4f17-8ee5-b752efbc2f6d,1083LN3,28197de9-e890-490c-86de-083525ea1fae,,,,,
48dbd954-2bca-4f17-8ee5-b752efbc2f6d,1083LN3,4b548180-b51c-4607-acd5-087caa6498e8,,,,,
48dbd954-2bca-4f17-8ee5-b752efbc2f6d,1083LN3,b8affa9e-0855-4a49-b56a-09bd2a962dec,,,,,
48dbd954-2bca-4f17-8ee5-b752efbc2f6d,1083LN3,bef799aa-9a0e-419d-a5be-09dac36c4056,,,,,
48dbd954-2bca-4f17-8ee5-b752efbc2f6d,1083LN3,5db85620-1139-460b-806a-0db06f2ff3cb,,,,,
48dbd954-2bca-4f17-8ee5-b752efbc2f6d,1083LN3,2395a2e6-9d2f-4b54-9b1c-0ecc74aae339,,,,,
48dbd954-2bca-4f17-8ee5-b752efbc2f6d,1083LN3,4e462462-050f-4d84-9a97-114a382f12f9,,,,,
48dbd954-2bca-4f17-8ee5-b752efbc2f6d,1083LN3,ba10cb0d-2ead-4500-bb03-1206782fb878,,,,,
48dbd954-2bca-4f17-8ee5-b752efbc2f6d,1083LN3,9e831cc9-bd05-4572-ae6a-12704c8b50a3,,,,,
48dbd954-2bca-4f17-8ee5-b752efbc2f6d,1083LN3,f22b70f8-cb29-48da-8c88-17f948350700,,,,,
48dbd954-2bca-4f17-8ee5-b752efbc2f6d,1083LN3,4fae27e0-a190-4462-87fe-19b3e4444322,,,,,
48dbd954-2bca-4f17-8ee5-b752efbc2f6d,1083LN3,3e4fbd9d-fca3-4b1d-bb1c-1b713aeca3e0,,,,,
48dbd954-2bca-4f17-8ee5-b752efbc2f6d,1083LN3,8f6fb4d0-a78e-4a2c-ba21-1cbd80f0fda5,,,,,
48dbd954-2bca-4f17-8ee5-b752efbc2f6d,1083LN3,1280aad0-4a59-4106-9ecb-1e069e78c22b,,,,,
48dbd954-2bca-4f17-8ee5-b752efbc2f6d,1083LN3,daef80f5-bc6a-404c-9f33-1ee111b2f75d,,,,,
48dbd954-2bca-4f17-8ee5-b752efbc2f6d,1083LN3,44a3a489-a8ed-4a8b-ac71-1fdb5aa2f773,,,,,
48dbd954-2bca-4f17-8ee5-b752efbc2f6d,1083LN3,1f0ec194-4c6b-4768-84fa-218ae7955294,,,,,
48dbd954-2bca-4f17-8ee5-b752efbc2f6d,1083LN3,54de8bdc-63bf-4499-bd36-255598a1131a,,,,,
48dbd954-2bca-4f17-8ee5-b752efbc2f6d,1083LN3,de5c3173-ebe8-4994-b01c-260081009ea2,,,,,
48dbd954-2bca-4f17-8ee5-b752efbc2f6d,1083LN3,a8e0c40f-4c9e-4629-bb8f-2669dfa7754f,,,,,
48dbd954-2bca-4f17-8ee5-b752efbc2f6d,1083LN3,142b70e3-8e28-4bf1-8498-273b45cbcf79,,,,,
48dbd954-2bca-4f17-8ee5-b752efbc2f6d,1083LN3,55dc244a-0961-4097-8bfa-27b6f524cf8d,,,,,
48dbd954-2bca-4f17-8ee5-b752efbc2f6d,1083LN3,4d0662f9-7d6b-4c9f-b819-28f7ed937e87,,,,,
48dbd954-2bca-4f17-8ee5-b752efbc2f6d,1083LN3,77f3c11b-49e3-4150-a2a3-29ef42b47701,,,,,
48dbd954-2bca-4f17-8ee5-b752efbc2f6d,1083LN3,9476f33a-2184-45be-991d-2af7613f71dc,,,,,
48dbd954-2bca-4f17-8ee5-b752efbc2f6d,1083LN3,070f1381-57df-41ed-9fae-2fd8d1f79cb9,,,,,
48dbd954-2bca-4f17-8ee5-b752efbc2f6d,1083LN3,08afef32-7aea-4470-85e9-312dac79fde8,,,,,
48dbd954-2bca-4f17-8ee5-b752efbc2f6d,1083LN3,36c70339-a2fa-4928-af3a-31b10d62941e,,,,,
48dbd954-2bca-4f17-8ee5-b752efbc2f6d,1083LN3,8765b694-dcf6-4b65-b30f-3425f3870a41,,,,,
48dbd954-2bca-4f17-8ee5-b752efbc2f6d,1083LN3,e2c0fbb9-8acc-405b-9593-3686f4bd7ea3,,,,,
48dbd954-2bca-4f17-8ee5-b752efbc2f6d,1083LN3,51e8a8d0-4432-4cde-b99b-37bdddb89dc2,,,,,
48dbd954-2bca-4f17-8ee5-b752efbc2f6d,1083LN3,a8283ed4-dd0a-4900-9079-37fccea26cd1,,,,,
48dbd954-2bca-4f17-8ee5-b752efbc2f6d,1083LN3,723c4ca7-43c6-40e6-bb60-388845b289bf,,,,,
48dbd954-2bca-4f17-8ee5-b752efbc2f6d,1083LN3,809a9c6f-9507-4ce7-a6a8-397147d6f1c2,,,,,
48dbd954-2bca-4f17-8ee5-b752efbc2f6d,1083LN3,169c3e1c-1373-45b9-a7a0-40828bb58166,,,,,
48dbd954-2bca-4f17-8ee5-b752efbc2f6d,1083LN3,078724b4-d6e8-45ea-989a-41eeff0cc520,,,,,
48dbd954-2bca-4f17-8ee5-b752efbc2f6d,1083LN3,424f88f9-4d0b-4871-bb0c-42a981fac630,,,,,
48dbd954-2bca-4f17-8ee5-b752efbc2f6d,1083LN3,0578374f-6950-4d2a-a0c8-43c4bf8bc971,,,,,
48dbd954-2bca-4f17-8ee5-b752efbc2f6d,1083LN3,40b0f3a7-a76e-4ccf-8fe0-453e2e07aa03,,,,,
48dbd954-2bca-4f17-8ee5-b752efbc2f6d,1083LN3,2e0400f8-c0a3-41e0-aaf6-469d87208a79,,,,,
48dbd954-2bca-4f17-8ee5-b752efbc2f6d,1083LN3,a422f584-3dac-48e1-a01f-4747366d61c3,,,,,
48dbd954-2bca-4f17-8ee5-b752efbc2f6d,1083LN3,4a34c4c3-155d-4397-918e-49a469fa8853,,,,,
48dbd954-2bca-4f17-8ee5-b752efbc2f6d,1083LN3,0271e6f4-3e43-4b72-bde9-4b50840fef4b,,,,,
48dbd954-2bca-4f17-8ee5-b752efbc2f6d,1083LN3,4ad75e1d-1cf4-42a5-b70e-4bb19482a8bb,,,,,
48dbd954-2bca-4f17-8ee5-b752efbc2f6d,1083LN3,68bc1c7d-a2f3-4ba8-bb19-4bd3016ac110,,,,,
48dbd954-2bca-4f17-8ee5-b752efbc2f6d,1083LN3,6d6bc784-f770-40d2-bbfb-4c23a12da08f,,,,,
48dbd954-2bca-4f17-8ee5-b752efbc2f6d,1083LN3,f807982f-8062-401a-9d35-4d30ed209f4f,,,,,
48dbd954-2bca-4f17-8ee5-b752efbc2f6d,1083LN3,7375ff08-4dea-4689-b88d-4da834dd8f6f,,,,,
48dbd954-2bca-4f17-8ee5-b752efbc2f6d,1083LN3,5ebb9727-19a6-4aaa-b411-4e557ce287d3,,,,,
48dbd954-2bca-4f17-8ee5-b752efbc2f6d,1083LN3,add607b8-63a6-4fa6-b077-5038032f8c67,,,,,
48dbd954-2bca-4f17-8ee5-b752efbc2f6d,1083LN3,91095fed-af10-45f6-b833-52a3ccfc6dde,,,,,
48dbd954-2bca-4f17-8ee5-b752efbc2f6d,1083LN3,3e3870cd-6562-46b3-a3c0-5b3f5f46d47b,,,,,
48dbd954-2bca-4f17-8ee5-b752efbc2f6d,1083LN3,48b51e1a-590d-4f04-aad4-5c4f4215f93d,,,,,
48dbd954-2bca-4f17-8ee5-b752efbc2f6d,1083LN3,470ce92c-e7c1-452e-abde-5ea4a75ebf73,,,,,
48dbd954-2bca-4f17-8ee5-b752efbc2f6d,1083LN3,c2a34b27-4847-4b79-b120-5eeb22657e5f,,,,,
48dbd954-2bca-4f17-8ee5-b752efbc2f6d,1083LN3,e68df1b3-a1bd-4119-bf8c-5f5e80e73560,,,,,
48dbd954-2bca-4f17-8ee5-b752efbc2f6d,1083LN3,2a768dbf-8fdb-493b-b42f-60532714d74e,,,,,
48dbd954-2bca-4f17-8ee5-b752efbc2f6d,1083LN3,d6963a57-9a83-496c-b663-60a85ecfaef5,,,,,
48dbd954-2bca-4f17-8ee5-b752efbc2f6d,1083LN3,91e3b93a-8d1b-44a1-af69-621bf16ebcd8,,,,,
48dbd954-2bca-4f17-8ee5-b752efbc2f6d,1083LN3,6d1176a7-e5d2-4718-baef-6493b210ddc2,,,,,
48dbd954-2bca-4f17-8ee5-b752efbc2f6d,1083LN3,17d663fc-f2d2-4758-9c0a-64ca8f87938c,,,,,
48dbd954-2bca-4f17-8ee5-b752efbc2f6d,1083LN3,eaa8ed37-7990-46cc-983e-67ea7a69f6f6,,,,,
48dbd954-2bca-4f17-8ee5-b752efbc2f6d,1083LN3,91749d1d-c428-494f-b411-68f598203e9d,,,,,
48dbd954-2bca-4f17-8ee5-b752efbc2f6d,1083LN3,4b14527f-1027-4b32-8ed8-6b21995a2e31,,,,,
48dbd954-2bca-4f17-8ee5-b752efbc2f6d,1083LN3,2a624293-5ad9-4db3-9e45-6b6ebb29806f,,,,,
48dbd954-2bca-4f17-8ee5-b752efbc2f6d,1083LN3,7fb9208d-5450-436a-95c5-6eb369800a1e,,,,,
48dbd954-2bca-4f17-8ee5-b752efbc2f6d,1083LN3,9ce5d2d9-9bd9-4fb8-92a6-70d4ce16f6fe,,,,,
48dbd954-2bca-4f17-8ee5-b752efbc2f6d,1083LN3,2a2e523d-216e-4024-8c45-73f0b6b6c8a0,,,,,
48dbd954-2bca-4f17-8ee5-b752efbc2f6d,1083LN3,daf36125-b63e-4373-a371-74f9c9fb566c,,,,,
48dbd954-2bca-4f17-8ee5-b752efbc2f6d,1083LN3,6a8ca2f9-096c-4635-9bbb-75b09935dfca,,,,,
48dbd954-2bca-4f17-8ee5-b752efbc2f6d,1083LN3,b9d5c6f0-3588-4576-8bdc-769ac5584884,,,,,
48dbd954-2bca-4f17-8ee5-b752efbc2f6d,1083LN3,36cedd23-99b7-42e9-ac37-773beb77ceaa,,,,,
48dbd954-2bca-4f17-8ee5-b752efbc2f6d,1083LN3,12b4c397-4a26-44c2-8b06-78555e7badbe,,,,,
48dbd954-2bca-4f17-8ee5-b752efbc2f6d,1083LN3,4cfeba8e-ad24-403c-9817-78744a70ed54,,,,,
48dbd954-2bca-4f17-8ee5-b752efbc2f6d,1083LN3,815e98aa-bf48-49a0-97e2-79122799a16e,,,,,
48dbd954-2bca-4f17-8ee5-b752efbc2f6d,1083LN3,579c6c20-c67d-4b16-98e8-79eac5016f7a,,,,,
48dbd954-2bca-4f17-8ee5-b752efbc2f6d,1083LN3,d7350f82-f473-44b9-9a24-7af6bb781e2a,,,,,
48dbd954-2bca-4f17-8ee5-b752efbc2f6d,1083LN3,ea0f1095-ed54-405c-a3a6-7bd8cce621d8,,,,,
48dbd954-2bca-4f17-8ee5-b752efbc2f6d,1083LN3,48619022-7248-4a85-8f64-7c84183c0de0,,,,,
48dbd954-2bca-4f17-8ee5-b752efbc2f6d,1083LN3,00bf6e82-9c4e-4e0e-bf2b-7c977fc19983,,,,,
48dbd954-2bca-4f17-8ee5-b752efbc2f6d,1083LN3,290d6fa6-c952-4569-868b-7d4d12b600ee,,,,,
48dbd954-2bca-4f17-8ee5-b752efbc2f6d,1083LN3,b4f5aa99-e13f-4f8e-b0b4-7e43413f5955,,,,,
48dbd954-2bca-4f17-8ee5-b752efbc2f6d,1083LN3,50759ffe-34cf-43b6-b518-81588f52f56d,,,,,
48dbd954-2bca-4f17-8ee5-b752efbc2f6d,1083LN3,4ab32786-2834-4f44-90bd-81aaab8231fa,,,,,
48dbd954-2bca-4f17-8ee5-b752efbc2f6d,1083LN3,9c31dfd7-dd0d-4c51-87bc-81eb53ae8093,,,,,
48dbd954-2bca-4f17-8ee5-b752efbc2f6d,1083LN3,b0be60c5-c6b1-4b3c-b2fb-8215f48ae8a0,,,,,
48dbd954-2bca-4f17-8ee5-b752efbc2f6d,1083LN3,c0ecc78b-d2c7-48d9-a3fa-83c621f718fd,,,,,
48dbd954-2bca-4f17-8ee5-b752efbc2f6d,1083LN3,108369c8-2549-453e-910b-866e5d82faf2,,,,,
48dbd954-2bca-4f17-8ee5-b752efbc2f6d,1083LN3,9a944664-087c-4cd3-8d1f-875863775c19,,,,,
48dbd954-2bca-4f17-8ee5-b752efbc2f6d,1083LN3,437912c1-400a-4531-ac62-87e20740daa6,,,,,
48dbd954-2bca-4f17-8ee5-b752efbc2f6d,1083LN3,160a887f-1a66-4eae-96c5-881286dda1df,,,,,
48dbd954-2bca-4f17-8ee5-b752efbc2f6d,1083LN3,ac546bf0-3455-4c1d-b4b3-884010c5c00c,,,,,
48dbd954-2bca-4f17-8ee5-b752efbc2f6d,1083LN3,dd34e4b8-7f30-47f4-abea-88edd17e0d6e,,,,,
48dbd954-2bca-4f17-8ee5-b752efbc2f6d,1083LN3,8be57238-864e-4709-a3f7-893d1e5bdfe7,,,,,
48dbd954-2bca-4f17-8ee5-b752efbc2f6d,1083LN3,0b4f05a8-37f9-42be-8925-8f080226217e,,,,,
48dbd954-2bca-4f17-8ee5-b752efbc2f6d,1083LN3,08a5f9f6-9541-4760-a786-901669eb7553,,,,,
3600ac3e-3b21-43dd-bed4-3d16fa3cc631,10F0N64,b792b7fe-1c86-4e29-b0c2-01597f1341ca,,,,,
3600ac3e-3b21-43dd-bed4-3d16fa3cc631,10F0N64,cb9b347a-c15e-4a80-88b5-05202c52dec8,,3346993a-39d6-4cf7-89ab-01fd8fc18142,,5b32d9c3-17b8-44a8-9411-d6decffde34d,Microsoft EAS 56006474 - year 1
3600ac3e-3b21-43dd-bed4-3d16fa3cc631,10F0N64,cb9b347a-c15e-4a80-88b5-05202c52dec8,,957e49de-f3b2-4a2a-9206-064c8a4849f8,,0d4aba5a-93f2-46d8-80a7-5afd9a036a13,Microsoft EAS 56006474 - year 2
3600ac3e-3b21-43dd-bed4-3d16fa3cc631,10F0N64,cb9b347a-c15e-4a80-88b5-05202c52dec8,,ca79467e-fcff-41b2-8c2d-07c3bbccce3e,,0d4aba5a-93f2-46d8-80a7-5afd9a036a13,Microsoft EAS 56006474 - year 2
3600ac3e-3b21-43dd-bed4-3d16fa3cc631,10F0N64,cb9b347a-c15e-4a80-88b5-05202c52dec8,,1a56bcae-6400-44e4-acd5-13e0d4942b90,,0d4aba5a-93f2-46d8-80a7-5afd9a036a13,Microsoft EAS 56006474 - year 2
3600ac3e-3b21-43dd-bed4-3d16fa3cc631,10F0N64,cb9b347a-c15e-4a80-88b5-05202c52dec8,,a558174c-6636-41f7-93b7-28024cd7fde7,,5b32d9c3-17b8-44a8-9411-d6decffde34d,Microsoft EAS 56006474 - year 1
3600ac3e-3b21-43dd-bed4-3d16fa3cc631,10F0N64,cb9b347a-c15e-4a80-88b5-05202c52dec8,,31f32828-276e-4b5a-b61e-2ec9d9fdb628,,5b32d9c3-17b8-44a8-9411-d6decffde34d,Microsoft EAS 56006474 - year 1
3600ac3e-3b21-43dd-bed4-3d16fa3cc631,10F0N64,cb9b347a-c15e-4a80-88b5-05202c52dec8,,0a230743-d2ef-4b77-8f7b-3e8ebfa746dc,,5b32d9c3-17b8-44a8-9411-d6decffde34d,Microsoft EAS 56006474 - year 1
3600ac3e-3b21-43dd-bed4-3d16fa3cc631,10F0N64,cb9b347a-c15e-4a80-88b5-05202c52dec8,,1c3231ef-1476-4a9a-841c-5bb267c5bb47,,0d4aba5a-93f2-46d8-80a7-5afd9a036a13,Microsoft EAS 56006474 - year 2
3600ac3e-3b21-43dd-bed4-3d16fa3cc631,10F0N64,cb9b347a-c15e-4a80-88b5-05202c52dec8,,a977c826-2242-413a-9d44-88e7105070bd,,5b32d9c3-17b8-44a8-9411-d6decffde34d,Microsoft EAS 56006474 - year 1
3600ac3e-3b21-43dd-bed4-3d16fa3cc631,10F0N64,d3dbb100-effb-4fd9-9ae0-06a335a492a4,,,,,
3600ac3e-3b21-43dd-bed4-3d16fa3cc631,10F0N64,28197de9-e890-490c-86de-083525ea1fae,,,,,
3600ac3e-3b21-43dd-bed4-3d16fa3cc631,10F0N64,5db85620-1139-460b-806a-0db06f2ff3cb,,,,,
3600ac3e-3b21-43dd-bed4-3d16fa3cc631,10F0N64,9e831cc9-bd05-4572-ae6a-12704c8b50a3,,,,,
3600ac3e-3b21-43dd-bed4-3d16fa3cc631,10F0N64,c7fc5f43-61c8-476f-b310-1448f9e9fe8c,,,,,
3600ac3e-3b21-43dd-bed4-3d16fa3cc631,10F0N64,4fae27e0-a190-4462-87fe-19b3e4444322,,,,,
3600ac3e-3b21-43dd-bed4-3d16fa3cc631,10F0N64,1280aad0-4a59-4106-9ecb-1e069e78c22b,,,,,
3600ac3e-3b21-43dd-bed4-3d16fa3cc631,10F0N64,44a3a489-a8ed-4a8b-ac71-1fdb5aa2f773,,,,,
3600ac3e-3b21-43dd-bed4-3d16fa3cc631,10F0N64,1f0ec194-4c6b-4768-84fa-218ae7955294,,,,,
3600ac3e-3b21-43dd-bed4-3d16fa3cc631,10F0N64,de5c3173-ebe8-4994-b01c-260081009ea2,,,,,
3600ac3e-3b21-43dd-bed4-3d16fa3cc631,10F0N64,142b70e3-8e28-4bf1-8498-273b45cbcf79,,,,,
3600ac3e-3b21-43dd-bed4-3d16fa3cc631,10F0N64,4d0662f9-7d6b-4c9f-b819-28f7ed937e87,,,,,
3600ac3e-3b21-43dd-bed4-3d16fa3cc631,10F0N64,070f1381-57df-41ed-9fae-2fd8d1f79cb9,,,,,
3600ac3e-3b21-43dd-bed4-3d16fa3cc631,10F0N64,08afef32-7aea-4470-85e9-312dac79fde8,,,,,
3600ac3e-3b21-43dd-bed4-3d16fa3cc631,10F0N64,a8283ed4-dd0a-4900-9079-37fccea26cd1,,,,,
3600ac3e-3b21-43dd-bed4-3d16fa3cc631,10F0N64,169c3e1c-1373-45b9-a7a0-40828bb58166,,,,,
3600ac3e-3b21-43dd-bed4-3d16fa3cc631,10F0N64,078724b4-d6e8-45ea-989a-41eeff0cc520,,,,,
3600ac3e-3b21-43dd-bed4-3d16fa3cc631,10F0N64,0578374f-6950-4d2a-a0c8-43c4bf8bc971,,,,,
3600ac3e-3b21-43dd-bed4-3d16fa3cc631,10F0N64,68bc1c7d-a2f3-4ba8-bb19-4bd3016ac110,,,,,
3600ac3e-3b21-43dd-bed4-3d16fa3cc631,10F0N64,f807982f-8062-401a-9d35-4d30ed209f4f,,,,,
3600ac3e-3b21-43dd-bed4-3d16fa3cc631,10F0N64,5ebb9727-19a6-4aaa-b411-4e557ce287d3,,,,,
3600ac3e-3b21-43dd-bed4-3d16fa3cc631,10F0N64,91095fed-af10-45f6-b833-52a3ccfc6dde,,,,,
3600ac3e-3b21-43dd-bed4-3d16fa3cc631,10F0N64,470ce92c-e7c1-452e-abde-5ea4a75ebf73,,,,,
3600ac3e-3b21-43dd-bed4-3d16fa3cc631,10F0N64,c2a34b27-4847-4b79-b120-5eeb22657e5f,,,,,
3600ac3e-3b21-43dd-bed4-3d16fa3cc631,10F0N64,e68df1b3-a1bd-4119-bf8c-5f5e80e73560,,,,,
3600ac3e-3b21-43dd-bed4-3d16fa3cc631,10F0N64,2a768dbf-8fdb-493b-b42f-60532714d74e,,,,,
3600ac3e-3b21-43dd-bed4-3d16fa3cc631,10F0N64,91e3b93a-8d1b-44a1-af69-621bf16ebcd8,,,,,
3600ac3e-3b21-43dd-bed4-3d16fa3cc631,10F0N64,91749d1d-c428-494f-b411-68f598203e9d,,,,,
3600ac3e-3b21-43dd-bed4-3d16fa3cc631,10F0N64,2a2e523d-216e-4024-8c45-73f0b6b6c8a0,,,,,
3600ac3e-3b21-43dd-bed4-3d16fa3cc631,10F0N64,daf36125-b63e-4373-a371-74f9c9fb566c,,,,,
3600ac3e-3b21-43dd-bed4-3d16fa3cc631,10F0N64,b9d5c6f0-3588-4576-8bdc-769ac5584884,,,,,
3600ac3e-3b21-43dd-bed4-3d16fa3cc631,10F0N64,36cedd23-99b7-42e9-ac37-773beb77ceaa,,,,,
3600ac3e-3b21-43dd-bed4-3d16fa3cc631,10F0N64,579c6c20-c67d-4b16-98e8-79eac5016f7a,,,,,
3600ac3e-3b21-43dd-bed4-3d16fa3cc631,10F0N64,d7350f82-f473-44b9-9a24-7af6bb781e2a,,,,,
3600ac3e-3b21-43dd-bed4-3d16fa3cc631,10F0N64,00bf6e82-9c4e-4e0e-bf2b-7c977fc19983,,,,,
3600ac3e-3b21-43dd-bed4-3d16fa3cc631,10F0N64,290d6fa6-c952-4569-868b-7d4d12b600ee,,,,,
3600ac3e-3b21-43dd-bed4-3d16fa3cc631,10F0N64,b4f5aa99-e13f-4f8e-b0b4-7e43413f5955,,,,,
3600ac3e-3b21-43dd-bed4-3d16fa3cc631,10F0N64,50759ffe-34cf-43b6-b518-81588f52f56d,,,,,
3600ac3e-3b21-43dd-bed4-3d16fa3cc631,10F0N64,9c31dfd7-dd0d-4c51-87bc-81eb53ae8093,,,,,
3600ac3e-3b21-43dd-bed4-3d16fa3cc631,10F0N64,66924e1a-4a50-4659-b7aa-83f259337892,,,,,
3600ac3e-3b21-43dd-bed4-3d16fa3cc631,10F0N64,f53b9262-1a2c-4f54-94d5-85aee6645c64,,,,,
3600ac3e-3b21-43dd-bed4-3d16fa3cc631,10F0N64,437912c1-400a-4531-ac62-87e20740daa6,,,,,
3600ac3e-3b21-43dd-bed4-3d16fa3cc631,10F0N64,ac546bf0-3455-4c1d-b4b3-884010c5c00c,,,,,
3600ac3e-3b21-43dd-bed4-3d16fa3cc631,10F0N64,8be57238-864e-4709-a3f7-893d1e5bdfe7,,,,,
3600ac3e-3b21-43dd-bed4-3d16fa3cc631,10F0N64,08a5f9f6-9541-4760-a786-901669eb7553,,,,,
3600ac3e-3b21-43dd-bed4-3d16fa3cc631,10F0N64,94617c43-f2c3-42ec-958a-93190a1c120b,,,,,
3600ac3e-3b21-43dd-bed4-3d16fa3cc631,10F0N64,602b0d1f-8e63-4521-8380-9937f063d3f9,,,,,
3600ac3e-3b21-43dd-bed4-3d16fa3cc631,10F0N64,c593e2ce-4c4b-4d8c-b9cc-9cbeed1752f8,,,,,
3600ac3e-3b21-43dd-bed4-3d16fa3cc631,10F0N64,10a4b7ca-a339-4b2f-88e0-9df62e24d239,,,,,
3600ac3e-3b21-43dd-bed4-3d16fa3cc631,10F0N64,4d0c7017-8257-4c00-a392-9ea1fa4e33fb,,,,,
3600ac3e-3b21-43dd-bed4-3d16fa3cc631,10F0N64,47858121-54e0-44bd-ae5c-9f7f5d74e1ed,,,,,
3600ac3e-3b21-43dd-bed4-3d16fa3cc631,10F0N64,42c40fa5-d01c-482c-a5d3-a0793940e848,,,,,
3600ac3e-3b21-43dd-bed4-3d16fa3cc631,10F0N64,86c05adb-229d-4f82-8b65-a12e2df853e0,,,,,
3600ac3e-3b21-43dd-bed4-3d16fa3cc631,10F0N64,97af0e3e-b69c-4865-9abc-a17f28c9b44a,,,,,
3600ac3e-3b21-43dd-bed4-3d16fa3cc631,10F0N64,675dd9dc-d980-42e9-b2b6-a619a1879626,,,,,
3600ac3e-3b21-43dd-bed4-3d16fa3cc631,10F0N64,b93bcf8a-2384-4c5d-bbad-a93366a262ba,,,,,
3600ac3e-3b21-43dd-bed4-3d16fa3cc631,10F0N64,a8531d38-d25a-410f-8c27-a96b73ae754b,,,,,
3600ac3e-3b21-43dd-bed4-3d16fa3cc631,10F0N64,d05a7df7-2eb0-476a-a102-ab419f2dd434,,,,,
3600ac3e-3b21-43dd-bed4-3d16fa3cc631,10F0N64,138e65c7-2c3b-487b-ac28-ae8127108025,,,,,
3600ac3e-3b21-43dd-bed4-3d16fa3cc631,10F0N64,44ac510e-979b-4825-b2b8-b1493fe38c1b,,,,,
3600ac3e-3b21-43dd-bed4-3d16fa3cc631,10F0N64,19bf13fa-c9fe-4e75-9923-b4c68c3a8ac1,,,,,
3600ac3e-3b21-43dd-bed4-3d16fa3cc631,10F0N64,72324d58-7fed-411a-b544-b62cbd76bd9e,,,,,
3600ac3e-3b21-43dd-bed4-3d16fa3cc631,10F0N64,23095583-2316-4fed-be63-b67dddf21217,,,,,
3600ac3e-3b21-43dd-bed4-3d16fa3cc631,10F0N64,30a2a5c3-62c1-4af9-b7e1-b94d5ad641ac,,,,,
3600ac3e-3b21-43dd-bed4-3d16fa3cc631,10F0N64,43b82636-736f-44b6-a933-bcde30e6097d,,,,,
3600ac3e-3b21-43dd-bed4-3d16fa3cc631,10F0N64,34796456-9a41-40d6-b3ce-bf4912b86433,,,,,
3600ac3e-3b21-43dd-bed4-3d16fa3cc631,10F0N64,064c2d9b-5f2e-4ffa-9001-c2dccfd15ddd,,,,,
3600ac3e-3b21-43dd-bed4-3d16fa3cc631,10F0N64,dd127672-8568-4a1d-bbea-c7dbf6a73883,,,,,
3600ac3e-3b21-43dd-bed4-3d16fa3cc631,10F0N64,d852c5ac-bdaa-4d67-9ee1-cb9db7b5e30f,,,,,
3600ac3e-3b21-43dd-bed4-3d16fa3cc631,10F0N64,cb8b50eb-2c14-4773-a389-cc7dd757365b,,,,,
3600ac3e-3b21-43dd-bed4-3d16fa3cc631,10F0N64,a5c13277-bf51-4636-9346-cd86ecdca7e3,,,,,
3600ac3e-3b21-43dd-bed4-3d16fa3cc631,10F0N64,1f757c17-d1c5-4968-96f0-d15dcb010848,,,,,
3600ac3e-3b21-43dd-bed4-3d16fa3cc631,10F0N64,b707bb77-8521-474e-b283-d558d126a96d,,,,,
3600ac3e-3b21-43dd-bed4-3d16fa3cc631,10F0N64,332f345e-3f44-4983-a109-dbfe0d6b3e47,,,,,
3600ac3e-3b21-43dd-bed4-3d16fa3cc631,10F0N64,aeedc428-f593-41d6-ae71-de7e7ff3db42,,,,,
3600ac3e-3b21-43dd-bed4-3d16fa3cc631,10F0N64,d3c0da7b-0222-47d5-8a07-e58fbb4606be,,,,,
3600ac3e-3b21-43dd-bed4-3d16fa3cc631,10F0N64,53eee1fa-79b3-40bc-9579-e61827ce4c04,,,,,
3600ac3e-3b21-43dd-bed4-3d16fa3cc631,10F0N64,d92ba8fd-4352-4f2f-883d-e7e49b8b7339,,,,,
3600ac3e-3b21-43dd-bed4-3d16fa3cc631,10F0N64,fa7038a3-7461-411e-a0cd-eab174a0b3f3,,,,,
3600ac3e-3b21-43dd-bed4-3d16fa3cc631,10F0N64,f383247b-c879-40ac-9214-ebfe3e592e2f,,,,,
3600ac3e-3b21-43dd-bed4-3d16fa3cc631,10F0N64,f7995411-36f6-47f3-acc9-fa0ac89949b2,,,,,
3600ac3e-3b21-43dd-bed4-3d16fa3cc631,10F0N64,c363696f-dc82-41a6-9dde-fb3ab4bcd3c6,,,,,
3600ac3e-3b21-43dd-bed4-3d16fa3cc631,10F0N64,552a2bb8-8bcd-4e86-8d6b-fc08cd568fb3,,,,,
3600ac3e-3b21-43dd-bed4-3d16fa3cc631,10F0N64,03dd6eeb-71fe-4689-8194-fe2bc7259b53,,,,,
da618651-0687-4d54-bf96-bffa21d321c7,10HNL94,d3dbb100-effb-4fd9-9ae0-06a335a492a4,,,,,
da618651-0687-4d54-bf96-bffa21d321c7,10HNL94,28197de9-e890-490c-86de-083525ea1fae,,,,,
da618651-0687-4d54-bf96-bffa21d321c7,10HNL94,7c1f65a4-ed48-42f3-91ae-0a1589f73ce0,,,,,
da618651-0687-4d54-bf96-bffa21d321c7,10HNL94,27ac0688-0409-40ab-b1a7-0b4495b59696,,,,,
da618651-0687-4d54-bf96-bffa21d321c7,10HNL94,44b5ba47-b6c2-4d67-873a-0c6c80eff0a6,,,,,
da618651-0687-4d54-bf96-bffa21d321c7,10HNL94,1daae58c-ab0a-4707-9d60-0e7e0cfe1720,,,,,
da618651-0687-4d54-bf96-bffa21d321c7,10HNL94,9e831cc9-bd05-4572-ae6a-12704c8b50a3,,,,,
da618651-0687-4d54-bf96-bffa21d321c7,10HNL94,df379802-8ac5-4a66-8b44-160475eda48c,,,,,
da618651-0687-4d54-bf96-bffa21d321c7,10HNL94,4fae27e0-a190-4462-87fe-19b3e4444322,,,,,
da618651-0687-4d54-bf96-bffa21d321c7,10HNL94,930b42da-e0c7-407f-9c4f-1b1bea755085,,,,,
da618651-0687-4d54-bf96-bffa21d321c7,10HNL94,1280aad0-4a59-4106-9ecb-1e069e78c22b,,,,,
da618651-0687-4d54-bf96-bffa21d321c7,10HNL94,daef80f5-bc6a-404c-9f33-1ee111b2f75d,,,,,
da618651-0687-4d54-bf96-bffa21d321c7,10HNL94,2c470e97-52ce-4ee6-987e-1f669dee4b29,,,,,
da618651-0687-4d54-bf96-bffa21d321c7,10HNL94,44a3a489-a8ed-4a8b-ac71-1fdb5aa2f773,,,,,
da618651-0687-4d54-bf96-bffa21d321c7,10HNL94,1f0ec194-4c6b-4768-84fa-218ae7955294,,,,,
da618651-0687-4d54-bf96-bffa21d321c7,10HNL94,fad8b8f4-e1f2-4f63-9848-229c0d24ebdd,,,,,
da618651-0687-4d54-bf96-bffa21d321c7,10HNL94,fd359cbe-cc8c-4af9-936f-23e36581e032,,,,,
da618651-0687-4d54-bf96-bffa21d321c7,10HNL94,04233f59-a665-4703-a82d-2562a683d5f6,,,,,
da618651-0687-4d54-bf96-bffa21d321c7,10HNL94,de5c3173-ebe8-4994-b01c-260081009ea2,,,,,
da618651-0687-4d54-bf96-bffa21d321c7,10HNL94,142b70e3-8e28-4bf1-8498-273b45cbcf79,,,,,
da618651-0687-4d54-bf96-bffa21d321c7,10HNL94,a33cdf4d-5545-4f0a-a65e-28630fb83507,,,,,
da618651-0687-4d54-bf96-bffa21d321c7,10HNL94,4d0662f9-7d6b-4c9f-b819-28f7ed937e87,,,,,
da618651-0687-4d54-bf96-bffa21d321c7,10HNL94,ac877c9e-d6a4-4bd9-a574-29a0a20aa1b1,,,,,
da618651-0687-4d54-bf96-bffa21d321c7,10HNL94,9b60830f-24ae-4c63-81c7-2bb199ac5997,,,,,
da618651-0687-4d54-bf96-bffa21d321c7,10HNL94,fd79a9d1-08e6-4808-ba38-2ce607d46277,,,,,
da618651-0687-4d54-bf96-bffa21d321c7,10HNL94,070f1381-57df-41ed-9fae-2fd8d1f79cb9,,,,,
da618651-0687-4d54-bf96-bffa21d321c7,10HNL94,18e45c63-80ad-485f-98e8-300c090a4947,,,,,
da618651-0687-4d54-bf96-bffa21d321c7,10HNL94,08afef32-7aea-4470-85e9-312dac79fde8,,,,,
da618651-0687-4d54-bf96-bffa21d321c7,10HNL94,df200a1f-81ed-4785-97c7-34c9a577476d,,,,,
da618651-0687-4d54-bf96-bffa21d321c7,10HNL94,a8283ed4-dd0a-4900-9079-37fccea26cd1,,,,,
da618651-0687-4d54-bf96-bffa21d321c7,10HNL94,0ef33e46-beeb-4d4e-a39e-382b6c19b4ee,,,,,
da618651-0687-4d54-bf96-bffa21d321c7,10HNL94,5e80549c-0104-411d-90a5-38882fbb7d0c,,,,,
da618651-0687-4d54-bf96-bffa21d321c7,10HNL94,a1ec599d-57b9-4cff-9216-3939d45dd512,,,,,
da618651-0687-4d54-bf96-bffa21d321c7,10HNL94,809a9c6f-9507-4ce7-a6a8-397147d6f1c2,,,,,
da618651-0687-4d54-bf96-bffa21d321c7,10HNL94,97aacd20-ffec-45d1-aed9-3d736642613a,,,,,
da618651-0687-4d54-bf96-bffa21d321c7,10HNL94,ca4e70a1-8849-47b0-9934-3d737c7ccfcb,,,,,
da618651-0687-4d54-bf96-bffa21d321c7,10HNL94,e540d329-90a7-419a-8949-41c890f1ab6e,,,,,
da618651-0687-4d54-bf96-bffa21d321c7,10HNL94,078724b4-d6e8-45ea-989a-41eeff0cc520,,,,,
da618651-0687-4d54-bf96-bffa21d321c7,10HNL94,0578374f-6950-4d2a-a0c8-43c4bf8bc971,,,,,
da618651-0687-4d54-bf96-bffa21d321c7,10HNL94,4a34c4c3-155d-4397-918e-49a469fa8853,,,,,
da618651-0687-4d54-bf96-bffa21d321c7,10HNL94,af68a1eb-ab03-4251-9749-4b28d9e3b9fd,,,,,
da618651-0687-4d54-bf96-bffa21d321c7,10HNL94,68bc1c7d-a2f3-4ba8-bb19-4bd3016ac110,,,,,
da618651-0687-4d54-bf96-bffa21d321c7,10HNL94,9390a14c-a997-4457-a177-4ce2947721e5,,,,,
da618651-0687-4d54-bf96-bffa21d321c7,10HNL94,5ebb9727-19a6-4aaa-b411-4e557ce287d3,,,,,
da618651-0687-4d54-bf96-bffa21d321c7,10HNL94,631940ea-0248-49c2-b70f-4f81d7220909,,,,,
da618651-0687-4d54-bf96-bffa21d321c7,10HNL94,f8a71134-b555-4a32-b165-50f0a4d6b597,,,,,
da618651-0687-4d54-bf96-bffa21d321c7,10HNL94,2953014d-5781-4e8f-9542-5150c6f33e41,,,,,
da618651-0687-4d54-bf96-bffa21d321c7,10HNL94,91095fed-af10-45f6-b833-52a3ccfc6dde,,,,,
da618651-0687-4d54-bf96-bffa21d321c7,10HNL94,122d6f2b-5bf5-41be-bd10-5965e4c8fdad,,,,,
da618651-0687-4d54-bf96-bffa21d321c7,10HNL94,618da774-7eb0-4a14-a0f2-59685e1385d8,,,,,
da618651-0687-4d54-bf96-bffa21d321c7,10HNL94,25bff3a3-b51e-496e-a33f-5a14183c7f29,,,,,
da618651-0687-4d54-bf96-bffa21d321c7,10HNL94,8487ba38-410c-45d4-ac5e-5c694250dce8,,,,,
da618651-0687-4d54-bf96-bffa21d321c7,10HNL94,470ce92c-e7c1-452e-abde-5ea4a75ebf73,,,,,
da618651-0687-4d54-bf96-bffa21d321c7,10HNL94,c2a34b27-4847-4b79-b120-5eeb22657e5f,,,,,
da618651-0687-4d54-bf96-bffa21d321c7,10HNL94,e68df1b3-a1bd-4119-bf8c-5f5e80e73560,,,,,
da618651-0687-4d54-bf96-bffa21d321c7,10HNL94,a0a0d43f-ad22-4844-9d66-5fd8ca5d6550,,,,,
da618651-0687-4d54-bf96-bffa21d321c7,10HNL94,2a768dbf-8fdb-493b-b42f-60532714d74e,,,,,
da618651-0687-4d54-bf96-bffa21d321c7,10HNL94,91e3b93a-8d1b-44a1-af69-621bf16ebcd8,,,,,
da618651-0687-4d54-bf96-bffa21d321c7,10HNL94,eca38ebc-ea3e-45f6-9e23-63afb3f16bee,,,,,
da618651-0687-4d54-bf96-bffa21d321c7,10HNL94,4a701972-6212-4c2e-9042-676685f26df3,,,,,
da618651-0687-4d54-bf96-bffa21d321c7,10HNL94,91749d1d-c428-494f-b411-68f598203e9d,,,,,
da618651-0687-4d54-bf96-bffa21d321c7,10HNL94,7dcc37d4-06e6-4c40-897a-6a66272168c7,,,,,
da618651-0687-4d54-bf96-bffa21d321c7,10HNL94,1a5d161b-615a-4851-b702-6b33db59dc41,,,,,
da618651-0687-4d54-bf96-bffa21d321c7,10HNL94,9ce5d2d9-9bd9-4fb8-92a6-70d4ce16f6fe,,,,,
da618651-0687-4d54-bf96-bffa21d321c7,10HNL94,6eacf728-4ae2-413a-bacd-7137eb43f981,,,,,
da618651-0687-4d54-bf96-bffa21d321c7,10HNL94,2a2e523d-216e-4024-8c45-73f0b6b6c8a0,,,,,
da618651-0687-4d54-bf96-bffa21d321c7,10HNL94,2a560c77-3a08-4f51-868e-74f9760e751a,,,,,
da618651-0687-4d54-bf96-bffa21d321c7,10HNL94,daf36125-b63e-4373-a371-74f9c9fb566c,,,,,
da618651-0687-4d54-bf96-bffa21d321c7,10HNL94,36cedd23-99b7-42e9-ac37-773beb77ceaa,,,,,
da618651-0687-4d54-bf96-bffa21d321c7,10HNL94,dcf87fe8-f937-43f0-8639-775699106038,,,,,
da618651-0687-4d54-bf96-bffa21d321c7,10HNL94,4b5416d1-2cee-46a9-a59a-77e4152603e5,,,,,
da618651-0687-4d54-bf96-bffa21d321c7,10HNL94,91977de1-47ce-4da5-ab58-783d97296e18,,,,,
da618651-0687-4d54-bf96-bffa21d321c7,10HNL94,579c6c20-c67d-4b16-98e8-79eac5016f7a,,,,,
da618651-0687-4d54-bf96-bffa21d321c7,10HNL94,d7350f82-f473-44b9-9a24-7af6bb781e2a,,,,,
da618651-0687-4d54-bf96-bffa21d321c7,10HNL94,00bf6e82-9c4e-4e0e-bf2b-7c977fc19983,,,,,
da618651-0687-4d54-bf96-bffa21d321c7,10HNL94,290d6fa6-c952-4569-868b-7d4d12b600ee,,,,,
da618651-0687-4d54-bf96-bffa21d321c7,10HNL94,b4f5aa99-e13f-4f8e-b0b4-7e43413f5955,,,,,
da618651-0687-4d54-bf96-bffa21d321c7,10HNL94,f47e94aa-d3a5-4fb0-8007-7e5ad843f302,,,,,
da618651-0687-4d54-bf96-bffa21d321c7,10HNL94,a14aa0c0-8767-4191-a976-7f683060c4ad,,,,,
da618651-0687-4d54-bf96-bffa21d321c7,10HNL94,50759ffe-34cf-43b6-b518-81588f52f56d,,,,,
da618651-0687-4d54-bf96-bffa21d321c7,10HNL94,5a07ae1d-5974-4f49-88b0-81dc3b96f890,,,,,
da618651-0687-4d54-bf96-bffa21d321c7,10HNL94,9c31dfd7-dd0d-4c51-87bc-81eb53ae8093,,,,,
da618651-0687-4d54-bf96-bffa21d321c7,10HNL94,0c6d9a8d-c9d3-4b8f-8b87-81ee778c43fc,,,,,
da618651-0687-4d54-bf96-bffa21d321c7,10HNL94,66924e1a-4a50-4659-b7aa-83f259337892,,,,,
da618651-0687-4d54-bf96-bffa21d321c7,10HNL94,58d34308-7aaf-41a9-9bba-83f55467301d,,,,,
da618651-0687-4d54-bf96-bffa21d321c7,10HNL94,77ba6aa1-427f-48ac-adcf-845f52c10783,,,,,
da618651-0687-4d54-bf96-bffa21d321c7,10HNL94,73b70038-1ec8-4d53-8c0c-84b58290703c,,,,,
da618651-0687-4d54-bf96-bffa21d321c7,10HNL94,437912c1-400a-4531-ac62-87e20740daa6,,,,,
da618651-0687-4d54-bf96-bffa21d321c7,10HNL94,ac546bf0-3455-4c1d-b4b3-884010c5c00c,,,,,
da618651-0687-4d54-bf96-bffa21d321c7,10HNL94,8be57238-864e-4709-a3f7-893d1e5bdfe7,,,,,
da618651-0687-4d54-bf96-bffa21d321c7,10HNL94,02134277-852b-4c06-aa13-893e4938cfdb,,,,,
da618651-0687-4d54-bf96-bffa21d321c7,10HNL94,127e8ef3-531d-4972-8c10-8f03fc345c99,,,,,
da618651-0687-4d54-bf96-bffa21d321c7,10HNL94,08a5f9f6-9541-4760-a786-901669eb7553,,,,,
da618651-0687-4d54-bf96-bffa21d321c7,10HNL94,debc435f-62bd-4ba6-a308-91a0d6ee848e,,,,,
da618651-0687-4d54-bf96-bffa21d321c7,10HNL94,488c06a9-978c-4cfb-a85f-91c6b88c3e0e,,,,,
da618651-0687-4d54-bf96-bffa21d321c7,10HNL94,94617c43-f2c3-42ec-958a-93190a1c120b,,,,,
da618651-0687-4d54-bf96-bffa21d321c7,10HNL94,602b0d1f-8e63-4521-8380-9937f063d3f9,,,,,
da618651-0687-4d54-bf96-bffa21d321c7,10HNL94,9e0bf3d8-03e4-4489-90c2-9a97b873fb98,,,,,
da618651-0687-4d54-bf96-bffa21d321c7,10HNL94,c593e2ce-4c4b-4d8c-b9cc-9cbeed1752f8,,,,,
da618651-0687-4d54-bf96-bffa21d321c7,10HNL94,10a4b7ca-a339-4b2f-88e0-9df62e24d239,,,,,
